ID;Codigo;Link;Nombre;Descripcion/Obervaciones;Tipo;ProcedenciaOC;EsTratoDirecto;EsCompraAgil;CodigoTipo;CodigoAbreviadoTipoOC;DescripcionTipoOC;codigoEstado;Estado;codigoEstadoProveedor;EstadoProveedor;FechaCreacion;FechaEnvio;FechaSolicitudCancelacion;fechaUltimaModificacion;FechaAceptacion;FechaCancelacion;tieneItems;PromedioCalificacion;CantidadEvaluacion;MontoTotalOC;TipoMonedaOC;MontoTotalOC_PesosChilenos;Impuestos;TipoImpuesto;Descuentos;Cargos;TotalNetoOC;CodigoUnidadCompra;RutUnidadCompra;UnidadCompra;CodigoOrganismoPublico;OrganismoPublico;sector;ActividadComprador;CiudadUnidadCompra;RegionUnidadCompra;PaisUnidadCompra;CodigoSucursal;RutSucursal;Sucursal;CodigoProveedor;NombreProveedor;ActividadProveedor;ComunaProveedor;RegionProveedor;PaisProveedor;Financiamiento;PorcentajeIva;Pais;TipoDespacho;FormaPago;CodigoLicitacion;Codigo_ConvenioMarco;IDItem;codigoCategoria;Categoria;codigoProductoONU;NombreroductoGenerico;RubroN1;RubroN2;RubroN3;EspecificacionComprador;EspecificacionProveedor;cantidad;UnidadMedida;monedaItem;precioNeto;totalCargos;totalDescuentos;totalImpuestos;totalLineaNeto;Forma de Pago
54742114;2777-236-SE26;http://www.mercadopublico.cl/PurchaseOrder/Modules/PO/DetailsPurchaseOrder.aspx?codigoOC=2777-236-SE26;ORDEN DE COMPRA DESDE 2777-20-LR25;"Contrato de Suministro para Farmacia popular de Rengo  año 2025-2026 DESDE 2777-20-LR25

ESTA OC, ES SOLO PARA APROBAR EL CONTRATO, NO SE DEBEN DESPACHAR ESTOS MEDICAMENTOS.";SE;Proveniente de licitación pública;No;No;8;SE;Sin emisión automática;6;Aceptada;4;Aceptada;2026-05-04;2026-06-16;2026-05-05;2026-05-05;2026-06-18;;1;3,27027027027027;37;10802787,87;CLP;10802787,87;1724814,87;IVA;0;0;9077973;3766;69.081.200-2;ADQUISICION MUNI-SALUD;100555;I MUNICIPALIDAD DE RENGO;Municipalidades;GOBIERNO CENTRAL Y ADMINISTRACION PUBLICA;Rengo;Región del Libertador General Bernardo O´Higgins;CL;275627;76.956.140-4;ETHON PHARMACEUTICALS SPA.;269948;ETHON PHARMACEUTICALS  COMERCIALIZADORA  IMP EXP Y DIST SPA;VENTA AL POR MAYOR DE ARTICULOS DE PERFUMERIA, COS;Rancagua;Región del Libertador General Bernardo O´Higgins;Chile;21522040040010060101;19;CL;12;2;2777-20-LR25;;148526346;42171900.0;Equipamiento y suministros médicos / Artículos médicos para urgencias y atención en terreno / Contenedores de almacenaje para servicios médicos de urgencia;42171903;Cajas de medicamentos de servicios médicos de urgencia;Equipamiento y suministros médicos;Artículos médicos para urgencias y atención en terreno;Contenedores de almacenaje para servicios médicos de urgencia;MELATONINA 3 MG EN ENVASE COMERCIAL DE 30 CÁPSULAS O COMPRIMIDOS ;MLTN0003CAPS. MELATONINA 3MG X 30 CAP.. MDC HEALTH SPA.. MELATONINA. REG ISP F-25890. VCTO 03-2027. LOTE . LOTE CML015025 -- 7804673040447, Entrega en 1 día. Validez de la oferta 90 días. Sin costo por flete. Sin monto mínimo de despacho.;50;Unidad;CLP;1137;0;0;0.0;56850;30 dias contra la recepcion conforme de la factura
54793689;3436-350-SE26;http://www.mercadopublico.cl/PurchaseOrder/Modules/PO/DetailsPurchaseOrder.aspx?codigoOC=3436-350-SE26;Adquisición medicamentos alumnos CC 1100065012;"Medicamentos para alumnos modalidad recetas
CC 1100065012 / SIC  346273 / OC 339584";SE;Proveniente de licitación pública;No;No;8;SE;Sin emisión automática;12;Recepcion Conforme;7;Recepcion Conforme;2026-05-12;2026-06-03;2026-06-03;2026-06-08;2026-06-08;;1;4,9;2;588482,37;CLP;588482,37;93959,37;IVA;0;0;494523;4357;61.101.027-3;Escuela de Suboficiales  - ESCSOF;111870;DIVISION LOGISTICA DEL EJERCITO;FFAA;;Maipú;Región Metropolitana de Santiago;CL;131777;99.569.670-3;Farmaceutica Acua Naser SA;128917;Farmaceutica Acua Naser SA;VENTA AL POR MAYOR DE HUEVOS, LECHE, ABARROTES, Y ;Alhué;Región Metropolitana de Santiago;Chile;712550;19;CL;7;2;3436-25-LE26;;148695994;12162200.0;Productos químicos industriales / Aditivos / Anti-oxidantes;12162201;Ácido ascórbico;Productos químicos industriales;Aditivos;Anti-oxidantes;MELATONINA 3 MG CAJA DE 30 CAPSULAS;;2;Caja;CLP;3229;0;0;0.0;6458;30 dias contra la recepcion conforme de la factura
54896538;1063535-6463-SE26;http://www.mercadopublico.cl/PurchaseOrder/Modules/PO/DetailsPurchaseOrder.aspx?codigoOC=1063535-6463-SE26;FARMACOS JUNIO;FARMACOS ORALES 7 DESDE 1063535-5-LP25;SE;Proveniente de licitación pública;No;No;8;SE;Sin emisión automática;12;Recepcion Conforme;7;Recepcion Conforme;2026-06-01;2026-06-01;2026-06-01;2026-06-01;2026-06-01;;1;0;0;542640;CLP;542640;86640;IVA;0;0;456000;1063535;61.602.260-1;Fármacos;7393;HOSPITAL BASE OSORNO;Salud;Salud Pública;* ;Región de los Lagos ;CL;677833;76.070.033-9;ARAMA NATURAL PRODUCTS DISTRIBUIDORA LIMITADA;1279538;ARAMA NATURAL PRODUCTS DISTRIBUIDORA LIMITADA;VENTA AL POR MAYOR DE OTROS PRODUCTOS N.C.P.| SERV;Pudahuel;Región Metropolitana de Santiago;Chile;;19;CL;7;2;1063535-5-LP25;;149047378;12162200.0;Productos químicos industriales / Aditivos / Anti-oxidantes;12162207;Melatonina;Productos químicos industriales;Aditivos;Anti-oxidantes;"214-9580| MELATONINA 3 MG CM

Estimado proveedor: Favor ACEPTAR y ADJUNTAR orden de compra a guía despacho
Facturación: Enviar archivo XML a casilla electrónica de intercambio: dipresrecepcion@custodium.com en un plazo no superior a 48 horas
contadas desde su emisión.";PTIMP-024 CIRCALIFE 3MG X 30 CAP BAROQUE MELATONINA REG.F-2354422 , UNIDAD X 30, PLAZO DE ENTREGA 2 DIAS HABILES. VENCIMIENTO 30-08-2026;12000;Unidad no definida;CLP;38;0;0;0.0;456000;30 dias contra la recepcion conforme de la factura
54903476;3871-121-SE26;http://www.mercadopublico.cl/PurchaseOrder/Modules/PO/DetailsPurchaseOrder.aspx?codigoOC=3871-121-SE26;MEDICAMENTOS SEGUNDO TRIMESTRE AÑO 2026 30;"MEDICAMENTOS SEGUNDO TRIMESTRE AÑO 2026 30
SOLICITUD DE MEDICAMENTOS N° 30
LICITACION N° 3871-16-LE26
PRESUPUESTO";SE;Proveniente de licitación pública;No;No;8;SE;Sin emisión automática;6;Aceptada;4;Aceptada;2026-06-01;2026-06-02;2026-06-02;2026-06-02;2026-06-03;;1;0;0;462315;CLP;462315;73815;IVA;0;0;388500;4791;72.632.100-0;Salud;117587;I MUNICIPALIDAD DE PEMUCO;Municipalidades;;Pemuco;Región del Ñuble;CL;677833;76.070.033-9;ARAMA NATURAL PRODUCTS DISTRIBUIDORA LIMITADA;1279538;ARAMA NATURAL PRODUCTS DISTRIBUIDORA LIMITADA;VENTA AL POR MAYOR DE OTROS PRODUCTOS N.C.P.| SERV;Pudahuel;Región Metropolitana de Santiago;Chile;2204004;19;CL;7;2;3871-16-LE26;;149069929;42171900.0;Equipamiento y suministros médicos / Artículos médicos para urgencias y atención en terreno / Contenedores de almacenaje para servicios médicos de urgencia;42171903;Cajas de medicamentos de servicios médicos de urgencia;Equipamiento y suministros médicos;Artículos médicos para urgencias y atención en terreno;Contenedores de almacenaje para servicios médicos de urgencia;"MELATONINA CM 3 MG
";PTIMP-019 MELATONINA 3MG X 30 CAP. (BA) REG. F-23523/22, UNIDAD X 30, VENCE 30-01-2028, PLAZO DE ENTREGA EN 4 DIAS HABILES, MARCA ARAMA NATURAL PRODUCTS, SIN COSTOS DE ENVÍO,;15000;Unidad;CLP;25,9;0;0;0.0;388500;30 dias contra la recepcion conforme de la factura
54910448;3651-202-SE26;http://www.mercadopublico.cl/PurchaseOrder/Modules/PO/DetailsPurchaseOrder.aspx?codigoOC=3651-202-SE26;MEDICAMENTOS E INSUMOS CPU CESFAM QUILLECO  3651-18-L126;ADQ.MEDICAMENTOS E INSUMOS  CPU CESFAM QUILLECO DESDE 3651-18-L126, ENVIAR AL DEPARTAMENTO DE SALUD QUILLECO UBICADO EN CALLE ALMENDRAS Nº375, ADEMAS ADJUNTAR FACTURA AL CORREO caro.araneda1@gmail.com;SE;Proveniente de licitación pública;No;No;8;SE;Sin emisión automática;6;Aceptada;4;Aceptada;2026-06-02;2026-06-02;2026-06-02;2026-06-02;2026-06-11;;1;3,69354838709677;62;949465,3;CLP;949465,3;151595,3;IVA;0;0;797870;4571;69.170.402-5;Departamento Salud  Quilleco;115979;I MUNICIPALIDAD DE QUILLECO;Municipalidades;;Quilleco;Región del Biobío ;CL;261744;76.830.090-9;Caribean Pharma SpA;256360;FARMACEUTICA CARIBEAN LTDA;VENTA AL POR MAYOR DE ARTICULOS DE PERFUMERIA, COS;Renca;Región Metropolitana de Santiago;Chile;215.22.04.004 PRODUCTOS FARMACEUTICOS;19;CL;7;2;3651-18-L126;;149093050;12162200.0;Productos químicos industriales / Aditivos / Anti-oxidantes;12162207;Melatonina;Productos químicos industriales;Aditivos;Anti-oxidantes;Melatonina 3 mg comprimido;BES0142 MELATONINA 3 MG X 30 COMP., MELATONINA, F-27110/22, BPH S.A., venc: 30-10-2028, Plazo de entrega de 2-3 DIAS;720;Comprimido;CLP;32;0;0;0.0;23040;30 dias contra la recepcion conforme de la factura
54911071;4090-211-SE26;http://www.mercadopublico.cl/PurchaseOrder/Modules/PO/DetailsPurchaseOrder.aspx?codigoOC=4090-211-SE26;ACEITE DE PESCADO FARMACIA POPULAR;"EL DEPARTAMENTO DE SALUD REQUIERE ADQUIRIR MEDICAMENTOS VARIOS PARA FARMACIA POPULAR.

*DESPACHAR EN HORARIOS DE 08.00 A 16.45 HRS LUNES A JUEVES Y DE 8.00 A 15.45 VIERNES.
*PRODUCTOS/INSUMOS DEBEN SER ENVIADOS CON GUÍA DE DESPACHO.
*FACTURA DEBE EMITIRSE POSTERIOR A LA RECEPCIÓN.
*FACTURA DEBE SER A CRÉDITO Y PAGO ES A 30 DÍAS DESDE SU EMISIÓN.

MEDICAMENTOS FARMACIA POPULAR 2026 DESDE 4090-9-LE26";SE;Proveniente de licitación pública;No;No;8;SE;Sin emisión automática;6;Aceptada;4;Aceptada;2026-06-02;2026-06-03;2026-06-03;2026-06-03;2026-06-04;;1;0;0;1243504,78;CLP;1243504,78;198542,78;IVA;0;0;1044962;5010;69.220.500-6;Departamento de Salud  ;120791;I MUNICIPALIDAD DE MAULLIN;Municipalidades;OTROS TIPOS DE HOSPEDAJE TEMPORAL (CAMPING, ALBERGUES, POSADAS)| TRANSPORTE MARITIMO Y DE CABOTAJE DE PASAJEROS| GOBIERNO CENTRAL Y ADMINISTRACION PUBLICA;Maullín;Región de los Lagos ;CL;1185307;77.337.544-5;SCM;1773777;SCM PHARMA SPA;VENTA AL POR MAYOR DE PRODUCTOS FARMACEUTICOS Y ME;Providencia;Región Metropolitana de Santiago;Chile;2152204004004;19;CL;7;2;4090-9-LE26;;149095392;12162200.0;Productos químicos industriales / Aditivos / Anti-oxidantes;12162207;Melatonina;Productos químicos industriales;Aditivos;Anti-oxidantes;Melatonina 3 mg comprimido o cápsula caja x 30 unidades ;Melatonina 3 Mg X 30 Cap, Lab. Mdc, Vence 31-08-2027.;40;Caja;CLP;840;0;0;0.0;33600;30 dias contra la recepcion conforme de la factura
54911115;4090-220-SE26;http://www.mercadopublico.cl/PurchaseOrder/Modules/PO/DetailsPurchaseOrder.aspx?codigoOC=4090-220-SE26;COLAGENO HIDROLIZADO FARMACIA POPULAR ;"EL DEPARTAMENTO DE SALUD REQUIERE ADQUIRIR MEDICAMENTOS PARA FARMACIA POPULAR.

*DESPACHAR EN HORARIOS DE 08.00 A 16.45 HRS LUNES A JUEVES Y DE 8.00 A 15.45 VIERNES.
*PRODUCTOS/INSUMOS DEBEN SER ENVIADOS CON GUÍA DE DESPACHO.
*FACTURA DEBE EMITIRSE POSTERIOR A LA RECEPCIÓN.
*FACTURA DEBE SER A CRÉDITO Y PAGO ES A 30 DÍAS DESDE SU EMISIÓN.

MEDICAMENTOS FARMACIA POPULAR 2026 DESDE 4090-9-LE26";SE;Proveniente de licitación pública;No;No;8;SE;Sin emisión automática;6;Aceptada;4;Aceptada;2026-06-02;2026-06-03;2026-06-03;2026-06-03;2026-06-04;;1;0;0;241888,92;CLP;241888,92;38620,92;IVA;0;0;203268;5010;69.220.500-6;Departamento de Salud  ;120791;I MUNICIPALIDAD DE MAULLIN;Municipalidades;OTROS TIPOS DE HOSPEDAJE TEMPORAL (CAMPING, ALBERGUES, POSADAS)| TRANSPORTE MARITIMO Y DE CABOTAJE DE PASAJEROS| GOBIERNO CENTRAL Y ADMINISTRACION PUBLICA;Maullín;Región de los Lagos ;CL;677833;76.070.033-9;ARAMA NATURAL PRODUCTS DISTRIBUIDORA LIMITADA;1279538;ARAMA NATURAL PRODUCTS DISTRIBUIDORA LIMITADA;VENTA AL POR MAYOR DE OTROS PRODUCTOS N.C.P.| SERV;Pudahuel;Región Metropolitana de Santiago;Chile;2152204004004;19;CL;7;2;4090-9-LE26;;149095536;12162200.0;Productos químicos industriales / Aditivos / Anti-oxidantes;12162207;Melatonina;Productos químicos industriales;Aditivos;Anti-oxidantes;Melatonina 3 mg/ml solución oral (similar Circalife) frasco 30 ml;PTIMP-023 CIRCALIFE GOTAS 3MG X 30 ML (MELATONINA) REG. F-25907/21, VENCIMIENTO 30-04-2028, DESPACHO EN 2 DIAS HABILES, SIN COSTOS DE ENVIO.;10;Frasco;CLP;3500;0;0;0.0;35000;30 dias contra la recepcion conforme de la factura
54915105;769-363-SE26;http://www.mercadopublico.cl/PurchaseOrder/Modules/PO/DetailsPurchaseOrder.aspx?codigoOC=769-363-SE26;769-78-LR25 MEDICAMENTOS COSAM - SC 296 - 2.4;"CONVENIO DE SUMINISTRO MEDICAMENTOS E INSUMOS PARA CENTROS COMUNITARIOS DE SALUD MENTAL-COSAM, PP 67-25

Despachar a Simón Bolívar 523, Antofagasta
Horario de lunes a viernes de 08:00 a 16:00.

Plazo de Entrega: 10 días hábiles desde 24 horas de enviada la OC.
Despachar con Guías de Despacho.
Serán RECLAMADAS las facturas que acompañen despachos parciales sin Recepción Conforme del área Técnica.

SOL: 296
DEPTO. APOYO DIAGNÓSTICO Y TERAPÉUTICO - 2.4";SE;Proveniente de licitación pública;No;No;8;SE;Sin emisión automática;12;Recepcion Conforme;7;Recepcion Conforme;2026-06-03;2026-06-03;2026-06-03;2026-06-03;2026-06-03;;1;3,27027027027027;37;1819629;CLP;1819629;290529;IVA;0;0;1529100;1765;61.606.200-k;SERVICIO DE SALUD ANTOFAGASTA DIRECCION;7185;SERVICIO DE SALUD ANTOFAGASTA DIRECCION;Salud;;Antofagasta;Región de Antofagasta ;CL;275627;76.956.140-4;ETHON PHARMACEUTICALS SPA.;269948;ETHON PHARMACEUTICALS  COMERCIALIZADORA  IMP EXP Y DIST SPA;VENTA AL POR MAYOR DE ARTICULOS DE PERFUMERIA, COS;Rancagua;Región del Libertador General Bernardo O´Higgins;Chile;;19;CL;7;2;769-78-LR25;;149109473;12162200.0;Productos químicos industriales / Aditivos / Anti-oxidantes;12162207;Melatonina;Productos químicos industriales;Aditivos;Anti-oxidantes;Melatonina 3 MG CM LP;Melatonina 3 MG CM LP;20000;Unidad no definida;CLP;37,9;0;0;0.0;758000;30 dias contra la recepcion conforme de la factura
54920545;3944-97-AG26;http://www.mercadopublico.cl/PurchaseOrder/Modules/PO/DetailsPurchaseOrder.aspx?codigoOC=3944-97-AG26;Orden de Compra generada por invitación a compra ágil: 3944-73-COT26;Orden de Compra codigo: 3944-97-AG26 dirigida a COMERCIAL ETHOS S A;AG;;;Si;13;AG;Compra Ágil;6;Aceptada;4;Aceptada;2026-06-03;2026-06-04;2026-06-03;2026-06-04;2026-06-08;;1;0;0;1861481,3;CLP;1861481,3;297211,3;IVA;0;0;1564270;4864;69.091.500-6;Departamento de Salud;118619;I MUNICIPALIDAD DE PERALILLO;Municipalidades;GOBIERNO CENTRAL Y ADMINISTRACION PUBLICA;Peralillo;Región del Libertador General Bernardo O´Higgins;Extranjero;80856;78.583.750-9;ETHOS CHILE;78647;ethos;VENTA AL POR MENOR DE ARTICULOS ORTOPEDICOS| VENTAS AL POR MENOR DE OTROS PRODUCTOS EN ALMACENES ESPECIALIZADOS N.C| ACTIVIDADES DE ASESORAMIENTO EMPRESARIAL Y EN MATERIA DE GESTION| SERVICIOS DE INGENIERIA PRESTADOS POR EMPRESAS N.C.P.| OTROS SERVICIOS D;Conchalí;Región Metropolitana de Santiago;;Cuidados Paliativos Universales, Resoluc;19;Extranjero;7;2;;;149128069;12162200.0;Productos químicos industriales / Aditivos / Anti-oxidantes;12162207;Melatonina;Productos químicos industriales;Aditivos;Anti-oxidantes;"MELATONINA 3 MG CAPSULA O COMPRIMIDO ENVASADO EN BLISTER. ENVASERESISTENTE CON SELLO QUE ASEGURE LA INVIOLABILIDAD DEL CONTENIDO. VENCIMIENTO NO INFERIOR A 24 MESES.		
";;2700;Comprimido;CLP;45;0;0;;121500;30 dias contra la recepcion conforme de la factura
54920989;2360-347-SE26;http://www.mercadopublico.cl/PurchaseOrder/Modules/PO/DetailsPurchaseOrder.aspx?codigoOC=2360-347-SE26;ADQUISICION DE FARMACOS SALA ADRI;ADQUISICION DE FARMACOS SALA ADRI DESDE 2360-34-LE26;SE;Proveniente de licitación pública;No;No;8;SE;Sin emisión automática;5;En proceso;2;En proceso;2026-06-03;2026-06-04;2026-06-04;2026-06-04;;;1;3,69354838709677;62;1902096;CLP;1902096;303696;IVA;0;0;1598400;3352;69.150.800-5;DISAM;86586;I MUNICIPALIDAD DE TALCAHUANO;Municipalidades;GOBIERNO CENTRAL;Talcahuano;Región del Biobío ;CL;261744;76.830.090-9;Caribean Pharma SpA;256360;FARMACEUTICA CARIBEAN LTDA;VENTA AL POR MAYOR DE ARTICULOS DE PERFUMERIA, COS;Renca;Región Metropolitana de Santiago;Chile;372;19;CL;7;2;2360-34-LE26;;149129426;12162200.0;Productos químicos industriales / Aditivos / Anti-oxidantes;12162207;Melatonina;Productos químicos industriales;Aditivos;Anti-oxidantes;MELATONINA 3 MG COMPRIMIDOS;BES0142 MELATONINA 3 MG X 30 COMP., MELATONINA, F-27110/22, BPH S.A., VCTO 31-08-2028, venc: 31-08-2028, PLAZO DE ENTREGA: 3 DIAS;14400;Comprimido;CLP;34;0;0;0.0;489600;30 dias contra la recepcion conforme de la factura
54920989;2360-347-SE26;http://www.mercadopublico.cl/PurchaseOrder/Modules/PO/DetailsPurchaseOrder.aspx?codigoOC=2360-347-SE26;ADQUISICION DE FARMACOS SALA ADRI;ADQUISICION DE FARMACOS SALA ADRI DESDE 2360-34-LE26;SE;Proveniente de licitación pública;No;No;8;SE;Sin emisión automática;5;En proceso;2;En proceso;2026-06-03;2026-06-04;2026-06-04;2026-06-04;;;1;3,69354838709677;62;1902096;CLP;1902096;303696;IVA;0;0;1598400;3352;69.150.800-5;DISAM;86586;I MUNICIPALIDAD DE TALCAHUANO;Municipalidades;GOBIERNO CENTRAL;Talcahuano;Región del Biobío ;CL;261744;76.830.090-9;Caribean Pharma SpA;256360;FARMACEUTICA CARIBEAN LTDA;VENTA AL POR MAYOR DE ARTICULOS DE PERFUMERIA, COS;Renca;Región Metropolitana de Santiago;Chile;372;19;CL;7;2;2360-34-LE26;;149129427;12162200.0;Productos químicos industriales / Aditivos / Anti-oxidantes;12162207;Melatonina;Productos químicos industriales;Aditivos;Anti-oxidantes;MELATONINA GOTAS FRASCO;ARA0001 CIRCALIFE 3MG/ML SOL. ORAL X 30 ML FCO. GOT., MELATONINA 3 mg/mL, F-25907/21, ARAMA, VENCE: 30-04-2027, venc: 30-04-2027, PLAZO DE ENTREGA: 3 DIAS;240;Frasco;CLP;4620;0;0;0.0;1108800;30 dias contra la recepcion conforme de la factura
54928639;3873-8455-AG26;http://www.mercadopublico.cl/PurchaseOrder/Modules/PO/DetailsPurchaseOrder.aspx?codigoOC=3873-8455-AG26;Orden de Compra generada por invitación a compra ágil: 3873-164-COT26;"Orden de Compra codigo: 3873-8455-AG26 dirigida a BECRUX LABS SPA

Justificación selección de cotización menos económica: Los productos o servicios cotizados cumplen de mejor manera con los requisitos técnicos solicitados.";AG;;;Si;13;AG;Compra Ágil;6;Aceptada;4;Aceptada;2026-06-04;2026-06-04;2026-06-04;2026-06-04;2026-06-05;;1;0;0;726602,1;CLP;726602,1;116012,1;IVA;0;0;610590;4793;69.040.900-3;Departamento de  Salud;117588;I MUNICIPALIDAD DE PUNITAQUI;Municipalidades;;Punitaqui;Región de Coquimbo ;Extranjero;1189038;77.354.932-K;BECRUX;1777426;BECRUX LABS SPA;VENTA AL POR MAYOR DE ARTICULOS DE PERFUMERIA, DE TOCADOR Y COSMETICOS;Rancagua;Región del Libertador General Bernardo O´Higgins;;2204004;19;Extranjero;7;2;;;149153697;12162200.0;Productos químicos industriales / Aditivos / Anti-oxidantes;12162207;Melatonina;Productos químicos industriales;Aditivos;Anti-oxidantes;Melatonina 3mg capsula;;200;Unidad;CLP;28;0;0;;5600;30 dias contra la recepcion conforme de la factura
54931923;3191-2756-AG26;http://www.mercadopublico.cl/PurchaseOrder/Modules/PO/DetailsPurchaseOrder.aspx?codigoOC=3191-2756-AG26;AG (FAR1) PRODUCTOS FARMACÉUTICOS: 3191-424-COT26;"Orden de Compra codigo: 3191-2756-AG26 dirigida a BECRUX LABS SPA.
ABASTECIMIENTO DE LA BODEGA DE FÁRMACOS 4, OC N°271405 /05-06-2026 (VINCULADA).
Horario de recepción en bodega de lunes a viernes de 08:00 a 14:00 hrs.
La orden de compra debe ser aceptada en el portal en un plazo máximo de 3 días hábiles, de lo contrario se solicitará su rechazo (Art. 117 Reg. Ley 19.886).
El no cumplimiento del requerimiento en la fecha de entrega estipulada en la orden de compra, dará origen al cobro de multas.
Para gestión de pago se solicita enviar copia factura en pdf: pagoproveedoreshnv@sanidadnaval.cl , CASILLA SII: notificacionsii_hnv@sanidadnaval.cl
JEFE DE FARMACIA AMBULATORIA
Sra. Leslie Acevedo, Fono 322573083, lacevedot@sanidadnaval.cl
";AG;;;Si;13;AG;Compra Ágil;12;Recepcion Conforme;7;Recepcion Conforme;2026-06-05;2026-06-05;2026-06-05;2026-06-05;2026-06-08;;1;0;0;199920;CLP;199920;31920;IVA;0;0;168000;4112;61.102.017-1;HOSPITAL NAVAL ALMIRANTE NEF;111875;DIRECCION DE ABASTECIMIENTO DE LA ARMADA;FFAA;FARMACIAS INDEPENDIENTES| HOSPITALES Y CLINICAS;Viña del Mar;Región de Valparaíso ;Extranjero;1189038;77.354.932-K;BECRUX;1777426;BECRUX LABS SPA;VENTA AL POR MAYOR DE ARTICULOS DE PERFUMERIA, DE TOCADOR Y COSMETICOS;Rancagua;Región del Libertador General Bernardo O´Higgins;;2204004;19;Extranjero;7;39;;;149163474;12162200.0;Productos químicos industriales / Aditivos / Anti-oxidantes;12162207;Melatonina;Productos químicos industriales;Aditivos;Anti-oxidantes;"151038-7 MELATONINA 3 MG, ENVASE CON 30 CAPSULAS, VIGENCIA 
 SUPERIOR A 12 MESES, ADJUNTAR POLITICA DE CANJE.  ";MELATONINA 3 MG, ENVASE CON 30 CAPSULAS;200;Caja;CLP;840;0;0;;168000;Otro, Ver Instrucciones
54932649;1213002-236-SE26;http://www.mercadopublico.cl/PurchaseOrder/Modules/PO/DetailsPurchaseOrder.aspx?codigoOC=1213002-236-SE26;PRODUCTOS FARMACEUTICOS: BISOPROLOL, LEVOCETIRIZINA, MELATONINA, METFORMINA;"PRODUCTOS FARMACÉUTICOS: FARMACIA PIRCANA AÑO 2026 DESDE 1213002-6-LE26
DESPACHAR EN FARMACIA PIRCANA: AV VIRGINIA SUBERCASEAUX ALT. 385, EXTERIOR CESFAM J.M BALMACEDA. PIRQUE.
HORARIO DE ATENCIÓN: LUNES A VIERNES DESDE LAS 09:00 HASTA LAS 16:00 HRS. HORARIO CONTINUO.";SE;Proveniente de licitación pública;No;No;8;SE;Sin emisión automática;12;Recepcion Conforme;7;Recepcion Conforme;2026-06-05;2026-06-08;2026-06-05;2026-06-05;2026-06-08;;1;0;0;261681;CLP;261681;41781;IVA;0;0;219900;1213002;70.880.300-6;Departamento de Adquisiciones;1800773;CORP MUNICIPAL DE EDUCACION Y SAL;Otros;Servicios de Educación y Salud Pública;Pirque;Región Metropolitana de Santiago;CL;1152378;76.986.924-7;MDC HEALTH;1741827;MDC HEALTH SPA;OTRAS ACTIVIDADES DE VENTA AL POR MENOR EN COMERCI;Providencia;Región Metropolitana de Santiago;Chile;;19;CL;7;2;1213002-6-LE26;;149166954;85121900.0;Salud, servicios sanitarios y alimentación / Medicina y servicios de salud / Farmacéuticos;85121902;Farmacias;Salud, servicios sanitarios y alimentación;Medicina y servicios de salud;Farmacéuticos;MELATONINA 3 MG COMPRIMIDOS. CJA DE 30 COMPRIMIDOS;;100;Caja;CLP;780;0;0;0.0;78000;30 dias contra la recepcion conforme de la factura
54941509;2404-724-SE26;http://www.mercadopublico.cl/PurchaseOrder/Modules/PO/DetailsPurchaseOrder.aspx?codigoOC=2404-724-SE26;PAC 67-2025 NP 126 DIDECO, ADQUISICION DE MEDICAME;PAC 67-2025 NP 126 DIRECCION DE DESARROLLO COMUNITARIO, ADQUISICION DE MEDICAMENTOS PARA CASOS SOCIALES DE LA COMUNA SEGUN R/C 461 DE FECHA 08.06.2026 CONTRATO DE SUMINISTROS AUTORIZADO MEDIANTE D.A. 150;SE;Proveniente de licitación pública;No;No;8;SE;Sin emisión automática;6;Aceptada;4;Aceptada;2026-06-08;2026-06-08;2026-06-08;2026-06-08;2026-06-09;;1;5;1;2461994,57;CLP;2461994,57;393091,57;IVA;0;0;2068903;3396;69.010.300-1;IMUNI_IQUIQUE ADQUISICIONES;87175;I MUNICIPALIDAD DE IQUIQUE;Municipalidades;;Iquique;Región de Tarapacá  ;;17494;77.066.190-0;COMERCIAL FARMABIZA LIMITADA;18235;COMERCIAL FARMABIZA LIMITADA;ALMACENES PEQUENOS (VENTA DE ALIMENTOS)| FARMACIAS;Iquique;Región de Tarapacá  ;Chile;.;19;;7;2;2405-187-LQ24;;149193531;42171900.0;Equipamiento y suministros médicos / Artículos médicos para urgencias y atención en terreno / Contenedores de almacenaje para servicios médicos de urgencia;42171903;Cajas de medicamentos de servicios médicos de urge;Equipamiento y suministros médicos;Artículos médicos para urgencias y atención en terreno;Contenedores de almacenaje para servicios médicos de urgencia;GEA MELATONINA CAP  3MG 3;;3;Unidad;CLP;9908;0;0;0.0;29724;30 dias contra la recepcion conforme de la factura
54948740;1099834-68-AG26;http://www.mercadopublico.cl/PurchaseOrder/Modules/PO/DetailsPurchaseOrder.aspx?codigoOC=1099834-68-AG26; ADQ. MEDICAMENTOS PARA ARSENAL FARMACOLOGICO COSAM SAN FELIPE - Orden de Compra generada por invitación a compra ágil: 1099834-45-COT26;"EL COSAM SAN FELIPE REQUIERE ADQUIRIR MEDICAMENTOS INCORPORADOS A ARSENAL FARMACOLOGICO Y QUE NO SE ENCUENTRAN INTERMEDIADO POR CENABAST, SEGUN SOL. 14 DEL 04.06.2026 DE JEFE DE FARMACIA. Orden de Compra codigo: 1099834-68-AG26 dirigida a SCM PHARMA SPA

Justificación selección de cotización menos económica: CUMPLE CON A LO MENOS 3 MEDICAMENTOS Y SUS PRECIOS SON CONVENIENTES PARA LOS INTERESES DEL COSAM";AG;;;Si;13;AG;Compra Ágil;12;Recepcion Conforme;7;Recepcion Conforme;2026-06-09;2026-06-10;2026-06-09;2026-06-10;2026-06-10;;1;0;0;269856,3;CLP;269856,3;43086,3;IVA;0;0;226770;1099834;62.000.640-8;Centro de Salud Mental Comunitario de San Felipe;1688789;CENTRO DE SALUD MENTAL COMUNITARIA SAN FELIPE;Salud;Hospitales y Clinicas;San Felipe;Región de Valparaíso ;Extranjero;1185307;77.337.544-5;SCM;1773777;SCM PHARMA SPA;VENTA AL POR MAYOR DE PRODUCTOS FARMACEUTICOS Y MEDICINALES;Providencia;Región Metropolitana de Santiago;;;19;Extranjero;7;2;;;149215800;12162200.0;Productos químicos industriales / Aditivos / Anti-oxidantes;12162207;Melatonina;Productos químicos industriales;Aditivos;Anti-oxidantes;MELATONINA 3 MG/ML FRASCO GOTAS;;30;Frasco;CLP;4191;0;0;;125730;30 dias contra la recepcion conforme de la factura
54952187;2069-5307-AG26;http://www.mercadopublico.cl/PurchaseOrder/Modules/PO/DetailsPurchaseOrder.aspx?codigoOC=2069-5307-AG26;SAR-CP-062026-PROGRAMA JUNIO 2026 FARMACOS-AG;"Orden de Compra generada por invitación a compra ágil: 2069-1638-COT26
PROGRAMA MEDICAMENTOS JUNIO 2026
1. Despachar a BODEGA CENTRAL. Traer Orden de Compra IMPRESA y en Estado ACEPTADA
2. HORARIO: ** Lunes a Viernes 8:30 a 13:00 y de 14:30 a 16:00 Hrs. Productos refrigerados hasta las 13:00.**
3. Factura y/o Guía debe incluir lote y vencimiento de productos (vencimientos inferiores a 12 meses deben ser validados previo al despacho con comprador respectivo vía mail)
4. Factura electrónica enviar a: ""dipresrecepcion@custodium.com"" y recepcionfacturaelectronica.cabl@redsalud.gov.cl"" adjuntar OC en estado ""ACEPTADA"" y guía con recepción conforme. Pago proveedores: 25762900 
5. En caso de rechazo del envio se indicará motivo en cedible para contactar posteriormente a unidad de compra
6.  Traer 1 copia de la factura (bodega)
";AG;;;Si;13;AG;Compra Ágil;12;Recepcion Conforme;7;Recepcion Conforme;2026-06-09;2026-06-15;2026-06-12;2026-06-09;2026-06-15;;1;0;0;2373585,9;CLP;2373585,9;378975,9;IVA;0;0;1994610;3064;61.608.101-2;HOSPITAL BARROS LUCO TRUDEAU;7293;SERVICIO DE SALUD METROPOLITANO SUR HOSP;Salud;HOSPITALES Y CLINICAS;San Miguel;Región Metropolitana de Santiago;Extranjero;1185307;77.337.544-5;SCM;1773777;SCM PHARMA SPA;VENTA AL POR MAYOR DE PRODUCTOS FARMACEUTICOS Y MEDICINALES;Providencia;Región Metropolitana de Santiago;;12101;19;Extranjero;7;2;;;149227383;51191900.0;Medicamentos y productos farmacéuticos / Agentes que afectan el agua y los electrolitos / Suplementos dietéticos y productos de terapia alimenticia;51191905;Suplementos vitamínicos;Medicamentos y productos farmacéuticos;Agentes que afectan el agua y los electrolitos;Suplementos dietéticos y productos de terapia alimenticia;"2140200	MELATONINA 3 MG
";Melatonina 3mg Comp X 30, Lab. Opko, Vence 30-07-2027;60;Comprimido;CLP;35;0;0;;2100;30 dias contra la recepcion conforme de la factura
54965274;418-1928-AG26;http://www.mercadopublico.cl/PurchaseOrder/Modules/PO/DetailsPurchaseOrder.aspx?codigoOC=418-1928-AG26;LPC-Orden de Compra generada por invitación a compra ágil: 418-832-COT26;"SOLICITUD N° 1359
Orden de Compra codigo: 418-1928-AG26 dirigida a ADN FARMACEUTICA SPA

Justificación selección de cotización menos económica: SEGUN SOLICITUD N° 1359";AG;;;Si;13;AG;Compra Ágil;12;Recepcion Conforme;7;Recepcion Conforme;2026-06-11;2026-06-11;2026-06-11;2026-06-11;2026-06-12;;1;0;0;439110;CLP;439110;70110;IVA;0;0;369000;1415;61.602.279-2;H Puerto Aysén;7335;SERVICIO NACIONAL DE SALUD HOSPITAL DE PUERTO AYSEN;Salud;;Aysén;Región Aysén del General Carlos Ibáñez del Campo;Extranjero;989196;76.786.297-0;ADN FARMACÉUTICA;1580697;ADN FARMACEUTICA SPA;DROGUERIA;Pudahuel;Región Metropolitana de Santiago;;;19;Extranjero;7;2;;;149269875;12162200.0;Productos químicos industriales / Aditivos / Anti-oxidantes;12162207;Melatonina;Productos químicos industriales;Aditivos;Anti-oxidantes;MELATONINA 3 MG COTIZAR SOLO SI TIENE EN PRESENTACION DE FORMA FARMACÉUTICA EN COMPRIMIDOS;;9000;Comprimido;CLP;41;0;0;;369000;30 dias contra la recepcion conforme de la factura
54967306;722640-70-SE26;http://www.mercadopublico.cl/PurchaseOrder/Modules/PO/DetailsPurchaseOrder.aspx?codigoOC=722640-70-SE26;"ORDEN DE COMPRA DESDE 722640-4-LE26; adquisicion de medicamentos para el CGR Colchane";Adquisicion de medicamentos e insumos para el CGR Colchane DESDE 722640-4-LE26;SE;Proveniente de licitación pública;No;No;8;SE;Sin emisión automática;6;Aceptada;4;Aceptada;2026-06-11;2026-06-16;2026-06-16;2026-06-16;2026-06-16;;1;3,27027027027027;37;2622495,82;CLP;2622495,82;418717,82;IVA;0;0;2203778;722640;69.250.400-3;DEPTO SALUD;1053458;I MUNICIPALIDAD DE COLCHANE;Municipalidades;PUBLICA;Colchane;Región de Tarapacá  ;;275627;76.956.140-4;ETHON PHARMACEUTICALS SPA.;269948;ETHON PHARMACEUTICALS  COMERCIALIZADORA  IMP EXP Y DIST SPA;VENTA AL POR MAYOR DE ARTICULOS DE PERFUMERIA, COS;Rancagua;Región del Libertador General Bernardo O´Higgins;Chile;PRODUCTOS FARMACEUTICOS;19;;12;2;722640-4-LE26;;149276534;12162200.0;Productos químicos industriales / Aditivos / Anti-oxidantes;12162207;Melatonina;Productos químicos industriales;Aditivos;Anti-oxidantes;MELATONINA 3 MG X 30 COMP.;MLTN0003CAPS. MELATONINA 3MG X 30 CAP.. MDC HEALTH SPA.. MELATONINA. REG ISP F-25890. VCTO 11-2027. LOTE CML015071 -- 7804673040447;20;Unidad;CLP;900;0;0;0.0;18000;30 dias contra la recepcion conforme de la factura
54969203;4329-350-SE26;http://www.mercadopublico.cl/PurchaseOrder/Modules/PO/DetailsPurchaseOrder.aspx?codigoOC=4329-350-SE26;COMPRA DE MEDICAMENTOS SOL3855.;"ADQUISICION DE MEDICAMENTOS DESDE 4329-350-SE26
FARMACIA COMUNAL.";SE;Proveniente de licitación pública;No;No;8;SE;Sin emisión automática;6;Aceptada;4;Aceptada;2026-06-11;2026-06-11;2026-06-11;2026-06-11;2026-06-15;;1;0;0;665448;CLP;665448;106248;IVA;0;0;559200;5246;69.140.600-8;Departamento de Salud;134356;Ilustre Municipalidad de Ñiquen;Municipalidades;GOBIERNO CENTRAL Y ADMINISTRACION PUBLICA;Ñiquén;Región del Ñuble;CL;677833;76.070.033-9;ARAMA NATURAL PRODUCTS DISTRIBUIDORA LIMITADA;1279538;ARAMA NATURAL PRODUCTS DISTRIBUIDORA LIMITADA;VENTA AL POR MAYOR DE OTROS PRODUCTOS N.C.P.| SERV;Pudahuel;Región Metropolitana de Santiago;Chile;FARMACIA COMUNAL;19;CL;7;2;4329-36-LE25;;149283065;12162200.0;Productos químicos industriales / Aditivos / Anti-oxidantes;12162207;Melatonina;Productos químicos industriales;Aditivos;Anti-oxidantes;;6 UNIDADES DE MELATONINA 3 MG/ML SOLUCION ORAL ENVASE 30 ML;6;Unidad;CLP;3300;0;0;0.0;19800;30 dias contra la recepcion conforme de la factura
54972038;1509-182-AG26;http://www.mercadopublico.cl/PurchaseOrder/Modules/PO/DetailsPurchaseOrder.aspx?codigoOC=1509-182-AG26; a compra ágil: 1509-67-COT26;Orden de Compra codigo: 1509-182-AG26 dirigida a FARMACEUTICA CENTRAL SPA;AG;;;Si;13;AG;Compra Ágil;12;Recepcion Conforme;7;Recepcion Conforme;2026-06-12;2026-06-17;2026-06-17;2026-06-17;2026-06-17;;1;0;0;1798566;CLP;1798566;287166;IVA;0;0;1511400;2505;61.608.006-7;Hospital Til - Til;7274;SERVICIO DE SALUD METROPOLITANO NORTE HOSPITAL DE TIL TIL;Salud;;Til Til;Región Metropolitana de Santiago;Extranjero;1439887;78.009.261-0;FARMACEUTICA CENTRAL SPA ;2021588;FARMACEUTICA CENTRAL SPA;VENTA AL POR MAYOR DE PRODUCTOS FARMACEUTICOS Y MEDICINALES;Las Condes;Región Metropolitana de Santiago;;;19;Extranjero;7;2;;;149292291;42171900.0;Equipamiento y suministros médicos / Artículos médicos para urgencias y atención en terreno / Contenedores de almacenaje para servicios médicos de urgencia;42171903;Cajas de medicamentos de servicios médicos de urgencia;Equipamiento y suministros médicos;Artículos médicos para urgencias y atención en terreno;Contenedores de almacenaje para servicios médicos de urgencia;MELATONINA 3 MG CAPSULA O COMPRIMIDO ENVASADO EN BLISTER. ENVASERESISTENTE CON SELLO QUE ASEGURE LA INVIOLABILIDAD DEL CONTENIDO;;12000;Unidad;CLP;32;0;0;;384000;30 dias contra la recepcion conforme de la factura
54972402;1069417-644-AG26;http://www.mercadopublico.cl/PurchaseOrder/Modules/PO/DetailsPurchaseOrder.aspx?codigoOC=1069417-644-AG26;COMPRA DE MEDICAMENTOS COSAM DISAMU CHILLAN;"SOLICITUD Nº: 67
Nº DE PRE-OBLIGACION: 2811
PROVENIENTE DE 1069417-511-COT26
ID SS: 12614
_______________________________
FACTURAR AL RUT: 69.270.200-K
CON CARGO A CUENTA  2152204004001, CdeC:
COSAM 263611: $ 1.156.680

DESPACHAR A VILLA KENNEDY, PASAJE NUEVE CASA 23, CHILLAN
PLAZO DE ENTREGA: 03 DIAS HABILES, a contar del día hábil siguiente del envío de la OC a proveedor.

CONSULTA POR PAGO DE FACTURAS Carlos Saavedra Hernández, correo electrónico: carlossaavedra@daschillan.cl Teléfono 42-2588410
";AG;;;Si;13;AG;Compra Ágil;6;Aceptada;4;Aceptada;2026-06-12;2026-06-12;2026-06-12;2026-06-12;2026-06-15;;1;0;0;1156680;CLP;1156680;184680;IVA;0;0;972000;1069417;69.270.200-k;Dirección  de Salud Municipal Chillán;88254;I MUNICIPALIDAD DE CHILLAN;Municipalidades;Salud Municipal;Chillán;Región del Ñuble;Extranjero;1487802;77.035.623-7;3CC;2067601;3CC SPA;VENTA AL POR MAYOR DE PRODUCTOS FARMACEUTICOS Y MEDICINALES;Renca;Región Metropolitana de Santiago;;;19;Extranjero;7;2;;;149293490;12162200.0;Productos químicos industriales / Aditivos / Anti-oxidantes;12162207;Melatonina;Productos químicos industriales;Aditivos;Anti-oxidantes;MELATONINA 3 MG;;36000;Comprimido;CLP;27;0;0;;972000;30 dias contra la recepcion conforme de la factura
54979486;4324-72-AG26;http://www.mercadopublico.cl/PurchaseOrder/Modules/PO/DetailsPurchaseOrder.aspx?codigoOC=4324-72-AG26;MEDICAMETOS PROGRAMA CUIDADOS PALIATIVOS, Orden de Compra generada por invitación a compra ágil: 4324-41-COT26;"Orden de Compra codigo: 4324-72-AG26 dirigida a SCM PHARMA SPA

Justificación selección de cotización menos económica: Los productos o servicios cotizados cumplen de mejor manera con los requisitos técnicos solicitados.
ENTREGA EN CESFAM PERQUENCO: KILOMETRO 1, CAMINO AL CEMENTERIO";AG;;;Si;13;AG;Compra Ágil;6;Aceptada;4;Aceptada;2026-06-15;2026-06-15;2026-06-15;2026-06-15;2026-06-15;;1;0;0;1303787,8;CLP;1303787,8;208167,8;IVA;0;0;1095620;5241;69.190.300-1;Salud;133899;I MUNICIPALIDAD DE PERQUENCO;Municipalidades;GOBIERNO CENTRAL Y ADMINISTRACION PUBLICA;Perquenco;Región de la Araucanía ;Extranjero;1185307;77.337.544-5;SCM;1773777;SCM PHARMA SPA;VENTA AL POR MAYOR DE PRODUCTOS FARMACEUTICOS Y MEDICINALES;Providencia;Región Metropolitana de Santiago;;CUIDADOS PALIATIVOS;19;Extranjero;7;2;;;149316319;12162200.0;Productos químicos industriales / Aditivos / Anti-oxidantes;12162207;Melatonina;Productos químicos industriales;Aditivos;Anti-oxidantes;Melatonina VO 3 MG/ML;;900;Unidad;CLP;28;0;0;;25200;30 dias contra la recepcion conforme de la factura
54982022;5061-311-AG26;http://www.mercadopublico.cl/PurchaseOrder/Modules/PO/DetailsPurchaseOrder.aspx?codigoOC=5061-311-AG26;SP522, ADQUISICIÓN DE (150 FRASCOS) MELATONINA 3MG/ML GOTAS ORALES REGISTRO ISP VIGENTE, PRESENTACIÓN FRASCO DE 30ML, PARA STOCK A DROGUERÍA DEL DSM TEMUCO. PLAZO DE ENTREGA 7 DIAS HÁBILES.;SP522, ADQUISICIÓN DE (150 FRASCOS) MELATONINA 3MG/ML GOTAS ORALES REGISTRO ISP VIGENTE, PRESENTACIÓN FRASCO DE 30ML, PARA STOCK A DROGUERÍA DEL DSM TEMUCO. PLAZO DE ENTREGA 7 DIAS HÁBILES. NOTA: EL PROVEEDOR DEBERÁ INDICAR EN LA GLOSA DE SU FACTURA LA ORDEN DE COMPRA CONTABLE N°5617 DEL 15/06/2026 Y ORDEN DE COMPRA ELECTRÓNICA ID: 5061-311-AG26, DE LO CONTRARIO SU FACTURA SERÁ RECHAZADA. EL INICIO DEL PLAZO DE ENTREGA SE CONSIDERA TRANSCURRIDA LAS 24 HORAS DESDE QUEN SE ENVIA LA ORDEN DE COMPRA. MULTA: POR CADA DÍA DE ATRASO SE COBRARÁ UNA MULTA DE UN 5% DEL VALOR NETO DEL MONTO ADJUDICADO CON UN TOPE DE 5 DÍAS HÁBILES.;AG;;;Si;13;AG;Compra Ágil;6;Aceptada;4;Aceptada;2026-06-15;2026-06-16;2026-06-15;2026-06-15;2026-06-16;;1;0;0;748093,5;CLP;748093,5;119443,5;IVA;0;0;628650;5974;69.190.700-7;Municipalidad de Temuco-Salud;7321;I MUNICIPALIDAD DE TEMUCO;Municipalidades;GOBIERNO CENTRAL Y ADMINISTRACION PUBLICA;Temuco;Región de la Araucanía ;Extranjero;1185307;77.337.544-5;SCM;1773777;SCM PHARMA SPA;VENTA AL POR MAYOR DE PRODUCTOS FARMACEUTICOS Y MEDICINALES;Providencia;Región Metropolitana de Santiago;;2152204004002;19;Extranjero;7;2;;;149324904;12162200.0;Productos químicos industriales / Aditivos / Anti-oxidantes;12162207;Melatonina;Productos químicos industriales;Aditivos;Anti-oxidantes;Adquisición de (150 Frascos) Melatonina 3mg/ml gotas orales registro ISP Vigente, presentación frasco de 30ml, para stock a Droguería del DSM Temuco. Según EETT adjunta. IMPORTANTE: Es requisito obligatorio ingresar cotización con detalle del PRODUCTO, de lo contrario no serán evaluados. Valor total debe incluir costo de despacho. Indicar días hábiles de entrega y todo lo necesario para una adecuada evaluación.;;150;Frasco;CLP;4191;0;0;;628650;30 dias contra la recepcion conforme de la factura
54983527;1261592-623-SE26;http://www.mercadopublico.cl/PurchaseOrder/Modules/PO/DetailsPurchaseOrder.aspx?codigoOC=1261592-623-SE26;ORDEN DE COMPRA DESDE 1261592-1-LR26;"CONVENIO DE SUMINISTRO PARA MEDICAMENTOS APS AFTA DESDE 1261592-1-LR26
OBLIGATORIO DESPACHAR CON GUÍA DESPACHO. OBTENIDA LA RECEPCIÓN CONFORME SE SOLICITARÁ FACTURACIÓN (NO ANTES, SE RECHAZARÁ LA FACTURA).

ENTREGA: AV. PEDRO AGUIRRE CERDA 8251, 3ER PISO, ANTOFAGASTA.

HORARIOS: LU-JU 08:00 A 13:00 Y 14:00 A 16:30 HRS. Y VI 08:00 A 13:00 Y 14:00 A 15:30 HRS.
DÍAS DE ENTREGA COMPROMETIDOS: 7 DIAS";SE;Proveniente de licitación pública;No;No;8;SE;Sin emisión automática;12;Recepcion Conforme;7;Recepcion Conforme;2026-06-15;2026-06-16;2026-06-15;2026-06-15;2026-06-17;;1;0;0;185640;CLP;185640;29640;IVA;0;0;156000;1261592;71.102.600-2;UNIDAD TÉCNICA DIRECCIÓN DE SALUD;1111614;CORP MUNICIPAL DE DESARROLLO SOCIAL DE A;Municipalidades;Suministros Salud;Antofagasta;Región de Antofagasta ;CL;677833;76.070.033-9;ARAMA NATURAL PRODUCTS DISTRIBUIDORA LIMITADA;1279538;ARAMA NATURAL PRODUCTS DISTRIBUIDORA LIMITADA;VENTA AL POR MAYOR DE OTROS PRODUCTOS N.C.P.| SERV;Pudahuel;Región Metropolitana de Santiago;Chile;22-04-004 Productos Farmacéuticos;19;CL;7;2;1261592-1-LR26;;149330073;85121900.0;Salud, servicios sanitarios y alimentación / Medicina y servicios de salud / Farmacéuticos;85121902;Farmacias;Salud, servicios sanitarios y alimentación;Medicina y servicios de salud;Farmacéuticos;"228.MELATONINA 3MG	COMP
";PTIMP-019 MELATONINA 3 MG. REG. F-23523/22, CAJA X 30 CÁPSULAS, VENCIMIENTO: 30-08-2027. PLAZO DE ENTREGA 7 DÍAS HÁBILES, SIN MONTO MINIMO DE DESPACHO, SIN MONTO MINIMO DE FACTURACIÓN, SIN COSTOS DE ENVIO. SE ADJUNTA OFERTA TÉCNICA, LOS DOCUMENTOS DE RESP;6000;Comprimido;CLP;26;0;0;0.0;156000;30 dias contra la recepcion conforme de la factura
54994442;4337-235-AG26;http://www.mercadopublico.cl/PurchaseOrder/Modules/PO/DetailsPurchaseOrder.aspx?codigoOC=4337-235-AG26;(Convenio CPU) Medicamentos  4337-171-COT26;Solicitud de compra 290 fecha 11-06-2026, Requirente Catalina Maldonado;AG;;;Si;13;AG;Compra Ágil;6;Aceptada;4;Aceptada;2026-06-16;2026-06-16;2026-06-16;2026-06-16;2026-06-17;;1;0;0;2866164,98;CLP;2866164,98;457622,98;IVA;0;0;2408542;5254;69.180.400-3;Consultorio - Farmacia;118073;I MUNICIPALIDAD DE RENAICO;Municipalidades;GOBIERNO CENTRAL Y ADMINISTRACION PUBLICA| ESTABLECIMIENTOS DE ENSENANZA PRIMARIA| HOSPITALES Y CLINICAS| ACTIVIDADES DE CLUBES DE DEPORTES Y ESTADIOS;Renaico;Región de la Araucanía ;Extranjero;1185307;77.337.544-5;SCM;1773777;SCM PHARMA SPA;VENTA AL POR MAYOR DE PRODUCTOS FARMACEUTICOS Y MEDICINALES;Providencia;Región Metropolitana de Santiago;;215-22-04-004-002;19;Extranjero;7;2;;;149368194;12162200.0;Productos químicos industriales / Aditivos / Anti-oxidantes;12162207;Melatonina;Productos químicos industriales;Aditivos;Anti-oxidantes;Duloxetina 30mg, Vencimiento mayor a 12 meses, Se solicita al proveedor adjuntar imagen y ficha técnica del producto ofertado. ;;3000;Unidad;CLP;115;0;0;;345000;30 dias contra la recepcion conforme de la factura
54994442;4337-235-AG26;http://www.mercadopublico.cl/PurchaseOrder/Modules/PO/DetailsPurchaseOrder.aspx?codigoOC=4337-235-AG26;(Convenio CPU) Medicamentos  4337-171-COT26;Solicitud de compra 290 fecha 11-06-2026, Requirente Catalina Maldonado;AG;;;Si;13;AG;Compra Ágil;6;Aceptada;4;Aceptada;2026-06-16;2026-06-16;2026-06-16;2026-06-16;2026-06-17;;1;0;0;2866164,98;CLP;2866164,98;457622,98;IVA;0;0;2408542;5254;69.180.400-3;Consultorio - Farmacia;118073;I MUNICIPALIDAD DE RENAICO;Municipalidades;GOBIERNO CENTRAL Y ADMINISTRACION PUBLICA| ESTABLECIMIENTOS DE ENSENANZA PRIMARIA| HOSPITALES Y CLINICAS| ACTIVIDADES DE CLUBES DE DEPORTES Y ESTADIOS;Renaico;Región de la Araucanía ;Extranjero;1185307;77.337.544-5;SCM;1773777;SCM PHARMA SPA;VENTA AL POR MAYOR DE PRODUCTOS FARMACEUTICOS Y MEDICINALES;Providencia;Región Metropolitana de Santiago;;215-22-04-004-002;19;Extranjero;7;2;;;149368193;12162200.0;Productos químicos industriales / Aditivos / Anti-oxidantes;12162207;Melatonina;Productos químicos industriales;Aditivos;Anti-oxidantes;Melatonina 3mg comprimidos o capsulas, Vencimiento mayor a 12 meses, Se solicita al proveedor adjuntar imagen y ficha técnica del producto ofertado. ;;2000;Unidad;CLP;28;0;0;;56000;30 dias contra la recepcion conforme de la factura
55001554;2307-771-SE26;http://www.mercadopublico.cl/PurchaseOrder/Modules/PO/DetailsPurchaseOrder.aspx?codigoOC=2307-771-SE26;Colageno-melatonina (DMH)[2307-100-LR24];"ID 2307-100-LR24 
CONVENIO DE SUMINISTRO MEDICAMENTOS PARA FARMACIA VECINA I Y II REQ. 1.920
Solicitado por Q.F. Elisa Schnettler Ojeda.";SE;Proveniente de licitación pública;No;No;8;SE;Sin emisión automática;6;Aceptada;4;Aceptada;2026-06-17;2026-06-18;2026-06-17;2026-06-17;2026-06-19;;1;0;0;5660830;CLP;5660830;903830;IVA;0;0;4757000;3301;69.210.100-6;IMUNI_OSORNO DEPTO  SALUD;84959;I MUNICIPALIDAD DE OSORNO;Municipalidades;GOBIERNO CENTRAL Y ADMINISTRACION PUBLICA| ESTABLECIMIENTOS DE ENSENANZA PRIMARIA| ESTABLECIMIENTOS DE ENSENANZA SECUNDARIA DE FORMACION GENERAL| HOSPITALES Y CLINICAS| SERVICIOS DE INSTITUTOS DE ESTUDIOS - FUND. Y CORP. DE DESARROLLO;Osorno;Región de los Lagos ;CL;677833;76.070.033-9;ARAMA NATURAL PRODUCTS DISTRIBUIDORA LIMITADA;1279538;ARAMA NATURAL PRODUCTS DISTRIBUIDORA LIMITADA;VENTA AL POR MAYOR DE OTROS PRODUCTOS N.C.P.| SERV;Pudahuel;Región Metropolitana de Santiago;Chile;2152204004;19;CL;7;2;2307-100-LR24;;149393990;12162200.0;Productos químicos industriales / Aditivos / Anti-oxidantes;12162207;Melatonina;Productos químicos industriales;Aditivos;Anti-oxidantes;MELATONINA 3MG/ML SOLUCION PARA GOTAS ORALES ENVASE DE 30 ML (EQ A CIRCALIFE). MAXIMO A PAGAR $4.200.-;PTIMP-023 CIRCALIFE GOTAS 3MG X 30 ML (MELATONINA) REG. F-25907/21, VENCE 30-04-2026 DESPACHO 3 DIAS HABILES. SIN COSTO DE ENVIO. PRECIO POR CAJA;50;Unidad;CLP;3700;0;0;0.0;185000;30 dias contra la recepcion conforme de la factura
55001554;2307-771-SE26;http://www.mercadopublico.cl/PurchaseOrder/Modules/PO/DetailsPurchaseOrder.aspx?codigoOC=2307-771-SE26;Colageno-melatonina (DMH)[2307-100-LR24];"ID 2307-100-LR24 
CONVENIO DE SUMINISTRO MEDICAMENTOS PARA FARMACIA VECINA I Y II REQ. 1.920
Solicitado por Q.F. Elisa Schnettler Ojeda.";SE;Proveniente de licitación pública;No;No;8;SE;Sin emisión automática;6;Aceptada;4;Aceptada;2026-06-17;2026-06-18;2026-06-17;2026-06-17;2026-06-19;;1;0;0;5660830;CLP;5660830;903830;IVA;0;0;4757000;3301;69.210.100-6;IMUNI_OSORNO DEPTO  SALUD;84959;I MUNICIPALIDAD DE OSORNO;Municipalidades;GOBIERNO CENTRAL Y ADMINISTRACION PUBLICA| ESTABLECIMIENTOS DE ENSENANZA PRIMARIA| ESTABLECIMIENTOS DE ENSENANZA SECUNDARIA DE FORMACION GENERAL| HOSPITALES Y CLINICAS| SERVICIOS DE INSTITUTOS DE ESTUDIOS - FUND. Y CORP. DE DESARROLLO;Osorno;Región de los Lagos ;CL;677833;76.070.033-9;ARAMA NATURAL PRODUCTS DISTRIBUIDORA LIMITADA;1279538;ARAMA NATURAL PRODUCTS DISTRIBUIDORA LIMITADA;VENTA AL POR MAYOR DE OTROS PRODUCTOS N.C.P.| SERV;Pudahuel;Región Metropolitana de Santiago;Chile;2152204004;19;CL;7;2;2307-100-LR24;;149393989;12162200.0;Productos químicos industriales / Aditivos / Anti-oxidantes;12162207;Melatonina;Productos químicos industriales;Aditivos;Anti-oxidantes;MELATONINA 3 MG ENVASE DE 30 COMPRIMIDOS O CAPSULAS. MAXIMO A PAGAR $1.110.-;PTIMP-024 CIRCALIFE 3MG X 30 CAP BAROQUE (MELATONINA) REG. F-23544/22, CAJA X 30, VENCE 28-02-2026 DESPACHO 3 DIAS HABILES. SIN COSTO DE ENVIO. PRECIO POR CAJA;200;Unidad;CLP;990;0;0;0.0;198000;30 dias contra la recepcion conforme de la factura
55003278;2381-733-AG26;http://www.mercadopublico.cl/PurchaseOrder/Modules/PO/DetailsPurchaseOrder.aspx?codigoOC=2381-733-AG26; ADQUISICION FARMACOS PARA EL PROGRAMA INFANTOADOLESCENTE 2026;"
ADQUISICION FARMACOS PARA EL PROGRAMA INFANTOADOLESCENTE 2026";AG;;;Si;13;AG;Compra Ágil;6;Aceptada;4;Aceptada;2026-06-18;2026-06-18;2026-06-18;2026-06-18;2026-06-18;;1;3,8375;16;3070735,5;CLP;3070735,5;490285,5;IVA;0;0;2580450;3373;69.030.200-4;DEPARTAMENTO DE ADQUISICIONES DASM;86872;I MUNICIPALIDAD DE COPIAPO;Municipalidades;EMPRESAS DE PUBLICIDAD| GOBIERNO CENTRAL;Copiapó;Región de Atacama ;Extranjero;26581;91.637.000-8;LABORATORIOS RECALCINE S.A;26786;LABORATORIOS RECALCINE SA;FABRICACION DE PRODUCTOS FARMACEUTICOS, SUSTANCIAS QUIMICAS MEDICINALE| VENTA AL POR MAYOR DE OTROS PRODUCTOS N.C.P.| OTRAS ACTIVIDADES EMPRESARIALES N.C.P.;Providencia;Región Metropolitana de Santiago;;;19;Extranjero;7;2;;;149399595;42171900.0;Equipamiento y suministros médicos / Artículos médicos para urgencias y atención en terreno / Contenedores de almacenaje para servicios médicos de urgencia;42171903;Cajas de medicamentos de servicios médicos de urgencia;Equipamiento y suministros médicos;Artículos médicos para urgencias y atención en terreno;Contenedores de almacenaje para servicios médicos de urgencia;MELATONINA EN GOTAS, FECHA DE VENCIMIENTO MÍNIMO DE 3 AÑOS, DEBE ADJUNTAR FICHA TECNICA, PATENTE COMERCIAL AL DIA O CERTIFICADO QUE ACREDITE LA TRAMITACION Y COTIZACION FORMAL (DOCUMENTOS OBLIGATORIOS PARA CONSIDERAR OFERTA);;250;Frasco;CLP;1;0;0;;250;30 dias contra la recepcion conforme de la factura
55007553;1058141-931-AG26;http://www.mercadopublico.cl/PurchaseOrder/Modules/PO/DetailsPurchaseOrder.aspx?codigoOC=1058141-931-AG26;(JBR) PEDIDO FARMACIA JULIO-APROBADO CON SUSPENSION POR DEUDA ID: 1058141-835-COT26;" PEDIDO FARMACIA JULIO -APROBADO CON SUSPENSION POR DEUDA 
 fecha de entrega ((01/07/2026)) bodega de farmacia.
 despachar con guía y enviar factura contra recepción conforme en portal mercado público.
 horario de entrega en bodegas lunes a jueves: 9:00 a 16:00, viernes: 9: a 15.00 hrs.
   Contacto Bod farmacia 322364418 - 322364902
 envió de la factura, el proveedor deberá enviar el archivo en formato xml a la casilla: dipresrecepcion@custodium.com (el no envió origina el rechazo automático a las 72 hrs. 
	Pago de facturas www.hospitalcarlosvanburen.cl, link http://estadofacturas.hospitalcarlosvanburen.cl/
";AG;;;Si;13;AG;Compra Ágil;12;Recepcion Conforme;7;Recepcion Conforme;2026-06-18;2026-06-26;2026-06-18;2026-06-26;2026-07-01;;1;4,8;4;509320;CLP;509320;81320;IVA;0;0;428000;1058141;61.602.054-4;Fármarcos;1468521;SERVICIO NACIONAL DE SALUD HOSPITAL CARLOS VAN BUREN;Salud;Servicio Público;Valparaíso;Región de Valparaíso ;Extranjero;658977;76.167.536-2;Medikar Ltda;1261270;Comercializadora Medikar Ltda;VENTA AL POR MAYOR DE PRODUCTOS FARMACEUTICOS| VENTA AL POR MENOR DE PRODUCTOS MEDICINALES;San Felipe;Región de Valparaíso ;;;19;Extranjero;7;2;;;149414660;12162200.0;Productos químicos industriales / Aditivos / Anti-oxidantes;12162207;Melatonina;Productos químicos industriales;Aditivos;Anti-oxidantes;"
MELATONINA CM 3 MG [214P551]";MELATONINA 3 MG ®, MELATONINA, Envase de: 30 CAPSULA, ARAMA, Reg.ISP: F-23523, Vence: 2027-06-30.;6000;Comprimido;CLP;38;0;0;;228000;30 dias contra la recepcion conforme de la factura
55009548;1559-488-AG26;http://www.mercadopublico.cl/PurchaseOrder/Modules/PO/DetailsPurchaseOrder.aspx?codigoOC=1559-488-AG26; MELATONINA 2MG CM LP (1559-350-COT26) (AG,FARM,220400400102,JRT);"PRODUCTO PARA FARMACIA
DESPACHO SÓLO CON GUÍA DE DESPACHO Y ORDEN DE COMPRA ACEPTADA A: GALVARINO #1509, CERRO NAVIA, PISO -1, BODEGA DE ABASTECIMIENTO.
ENVIAR DOCUMENTOS TRIBUTARIOS ELECTRÓNICOS EN FORMATO XML A LA CASILLA DIPRESRECEPCION@CUSTODIUM.COM y CONDICION DE PAGO CRÉDITO
*** DESPACHO PARCIALIZADO SEGUN REQUERIMIENTO DE BODEGA ***
CONTACTO BODEGA VALERIA ROJAS, FONO 226126836
valeria.rojasp@redsalud.gob.cl


Justificación selección de cotización menos económica: Los productos o servicios cotizados cumplen de mejor manera con los requisitos técnicos solicitados.";AG;;;Si;13;AG;Compra Ágil;12;Recepcion Conforme;7;Recepcion Conforme;2026-06-18;2026-06-18;2026-06-18;2026-06-18;2026-06-19;;1;0;0;6999270,6;CLP;6999270,6;1117530,6;IVA;0;0;5881740;2555;61.608.205-1;FARMACIA;7383;SERVICIO SALUD OCCIDENTE HOSPITAL DR FELIX BULNES CERDA;Salud;HOSPITALES Y CLINICAS;Cerro Navia;Región Metropolitana de Santiago;Extranjero;1448008;78.135.847-9;TERAFARMA;2029543;TERAFARMA LAB LIMITADA;VENTA AL POR MENOR DE PRODUCTOS FARMACEUTICOS Y MEDICINALES EN COMERCI;Renca;Región Metropolitana de Santiago;;;19;Extranjero;7;2;;;149421621;12162200.0;Productos químicos industriales / Aditivos / Anti-oxidantes;12162207;Melatonina;Productos químicos industriales;Aditivos;Anti-oxidantes;"0270033040 MELATONINA 2MG CM LP
";MELATONINA 2MG CM LP;5010;Unidad;CLP;1174;0;0;;5881740;30 dias contra la recepcion conforme de la factura
55009784;3265-319-AG26;http://www.mercadopublico.cl/PurchaseOrder/Modules/PO/DetailsPurchaseOrder.aspx?codigoOC=3265-319-AG26;Orden de Compra generada por invitación a compra ágil: 3265-107-COT26;"Orden de Compra codigo: 3265-319-AG26 dirigida a LA COTUFA SPA.-
Solicito adquisición medicamentos, leche y alimentación complementaria en beneficio de solicitantes, domiciliados en diferentes localidades de la Comuna de Rio Hurtado, que no cuentan con los medios necesarios para adquirir estos insumos.-";AG;;;Si;13;AG;Compra Ágil;6;Aceptada;4;Aceptada;2026-06-18;2026-06-18;2026-06-18;2026-06-18;2026-06-30;;1;0;0;1775975,04;CLP;1775975,04;283559,04;IVA;0;0;1492416;4186;69.041.000-1;Direccion de  Administracion y Finanzas;114075;I MUNICIPALIDAD DE RIO HURTADO;Municipalidades;;Río Hurtado;Región de Coquimbo ;Extranjero;1201838;77.439.799-K;LA COTUFA;1789947;LA COTUFA SPA;OTRAS ACTIVIDADES DE VENTA POR MENOR NO REALIZADAS EN COMERCIOS, PUEST;Las Condes;Región Metropolitana de Santiago;;215-22-04-004-001;19;Extranjero;12;2;;;149422450;42171900.0;Equipamiento y suministros médicos / Artículos médicos para urgencias y atención en terreno / Contenedores de almacenaje para servicios médicos de urgencia;42171903;Cajas de medicamentos de servicios médicos de urgencia;Equipamiento y suministros médicos;Artículos médicos para urgencias y atención en terreno;Contenedores de almacenaje para servicios médicos de urgencia;Cajas de Melatonina 3 mg. ;Cajas de Melatonina 3 mg. ;2;Caja;CLP;5139;0;0;;10278;30 dias contra la recepcion conforme de la factura
55011943;1063535-6645-SE26;http://www.mercadopublico.cl/PurchaseOrder/Modules/PO/DetailsPurchaseOrder.aspx?codigoOC=1063535-6645-SE26;FARMACOS JUNIO;FARMACOS ORALES 7 DESDE 1063535-5-LP25;SE;Proveniente de licitación pública;No;No;8;SE;Sin emisión automática;12;Recepcion Conforme;7;Recepcion Conforme;2026-06-19;2026-06-19;2026-06-19;2026-06-19;2026-06-19;;1;0;0;542640;CLP;542640;86640;IVA;0;0;456000;1063535;61.602.260-1;Fármacos;7393;HOSPITAL BASE OSORNO;Salud;Salud Pública;* ;Región de los Lagos ;CL;677833;76.070.033-9;ARAMA NATURAL PRODUCTS DISTRIBUIDORA LIMITADA;1279538;ARAMA NATURAL PRODUCTS DISTRIBUIDORA LIMITADA;VENTA AL POR MAYOR DE OTROS PRODUCTOS N.C.P.| SERV;Pudahuel;Región Metropolitana de Santiago;Chile;;19;CL;7;2;1063535-5-LP25;;149429953;12162200.0;Productos químicos industriales / Aditivos / Anti-oxidantes;12162207;Melatonina;Productos químicos industriales;Aditivos;Anti-oxidantes;"214-9580| MELATONINA 3 MG CM

Estimado proveedor: Favor ACEPTAR y ADJUNTAR orden de compra a guía despacho
Facturación: Enviar archivo XML a casilla electrónica de intercambio: dipresrecepcion@custodium.com en un plazo no superior a 48 horas
contadas desde su emisión.";PTIMP-024 CIRCALIFE 3MG X 30 CAP BAROQUE MELATONINA REG.F-2354422 , UNIDAD X 30, PLAZO DE ENTREGA 2 DIAS HABILES. VENCIMIENTO 30-08-2026;12000;Unidad no definida;CLP;38;0;0;0.0;456000;30 dias contra la recepcion conforme de la factura
55015844;799512-658-AG26;http://www.mercadopublico.cl/PurchaseOrder/Modules/PO/DetailsPurchaseOrder.aspx?codigoOC=799512-658-AG26;DROGUERIA FARMACOS : 799512-721-COT26;"Al momento de facturar, cada factura no debe contener más de diez productos y debe incluir la siguiente información: N° de OC, nombre del producto y su marca, cantidad detallada por cada uno, Nº  de lote (Máximo tres lotes por producto) y fecha de vencimiento, si los productos recepcionados no cumplen con la fecha de vencimiento ofertada y adjudicada se evaluará su devolución o rechazo. 


Entregar a Directora Técnica : Natalia Luza, Teléfono: 32-2135180 o al 32-2135054 en Blanco Viel 681, Cerro Barón, Valparaíso, de Lunes a Jueves desde 09.00 hrs. a 16.30 hrs., Viernes desde 09:00 a 15:30 hrs.

EL PRODUCTO DEBE TENER FECHA VENCIMIENTO MAYOR A 12 MESES DESDE EL ENVÍO DE LA ORDEN DE COMPRA, si es menor a 12 meses deberá adjuntar certificado o carta de política de canje para el o los productos que, en caso de no ser utilizados antes de la fecha de vencimiento, se asegure la posibilidad de cambio del producto por uno con fecha de vencimiento mayor.
";AG;;;Si;13;AG;Compra Ágil;12;Recepcion Conforme;7;Recepcion Conforme;2026-06-19;2026-06-22;2026-06-22;2026-06-22;2026-06-23;;1;0;0;4395253,1;CLP;4395253,1;701763,1;IVA;0;0;3693490;799512;70.859.400-8;Corporación;1396697;CORP MUNICIPAL DE VALPARAISO PARA EL DESARROLLO SOCIAL;Otros;;Valparaíso;Región de Valparaíso ;Extranjero;1487802;77.035.623-7;3CC;2067601;3CC SPA;VENTA AL POR MAYOR DE PRODUCTOS FARMACEUTICOS Y MEDICINALES;Renca;Región Metropolitana de Santiago;;;19;Extranjero;7;2;;;149442715;12162200.0;Productos químicos industriales / Aditivos / Anti-oxidantes;12162207;Melatonina;Productos químicos industriales;Aditivos;Anti-oxidantes;MELATONINA 3 MG COMPRIMIDO;GOLAN 1001341;16020;Comprimido;CLP;27;0;0;;432540;30 dias contra la recepcion conforme de la factura
55028602;794807-45-SE26;http://www.mercadopublico.cl/PurchaseOrder/Modules/PO/DetailsPurchaseOrder.aspx?codigoOC=794807-45-SE26;Medicamento oficio N°1278 N°3691;"Compra de medicamentos prais oficio N°1278 N°3691
Entregar en bodega de farmacia a Johana Henríquez, teléfono: 732-566295
Entregar de 08:30 a 12:30 hrs y 14:00 a 16:30 hrs de lunes a jueves y viernes de 08:30 a 12:30 hrs y 14:00 a 15:30 hrs.
 Los despachos de mercadería deben enviarse con GUÍA DE DESPACHO (No Factura).
 Una vez que la institución realice la RECEPCIÓN CONFORME en mercado público deben emitir la factura citando en Referencia el ID de orden de compra
";SE;Proveniente de licitación pública;No;No;8;SE;Sin emisión automática;6;Aceptada;4;Aceptada;2026-06-23;2026-06-24;2026-06-23;2026-06-23;2026-06-24;;1;3,27027027027027;37;317684,78;CLP;317684,78;50722,78;IVA;0;0;266962;794807;61.606.912-8;PRAIS;7262;SERVICIO DE SALUD DEL MAULE HOSPITAL SAN JAVIER;Salud;HOSPITALES Y CLINICAS;San Javier;Región del Maule ;CL;275627;76.956.140-4;ETHON PHARMACEUTICALS SPA.;269948;ETHON PHARMACEUTICALS  COMERCIALIZADORA  IMP EXP Y DIST SPA;VENTA AL POR MAYOR DE ARTICULOS DE PERFUMERIA, COS;Rancagua;Región del Libertador General Bernardo O´Higgins;Chile;;19;CL;7;2;794807-1-LP26;;149489452;12162200.0;Productos químicos industriales / Aditivos / Anti-oxidantes;12162207;Melatonina;Productos químicos industriales;Aditivos;Anti-oxidantes;Melatonina 3 mg comprimidos;MLTN0003CAPS. MELATONINA 3MG X 30 CAP.. MDC HEALTH SPA.. MELATONINA. REG ISP F-25890. VCTO 06-2027. LOTE CML015043 -- 7804673040447, Entrega en 48 horas. Sin costo por flete. Sin monto mÃnimo de despacho..;180;Cápsula;CLP;34,9;0;0;0.0;6282;30 dias contra la recepcion conforme de la factura
55031652;1058043-1237-AG26;http://www.mercadopublico.cl/PurchaseOrder/Modules/PO/DetailsPurchaseOrder.aspx?codigoOC=1058043-1237-AG26;214-0336 MELATONINA CM 3 MG;"Orden de Compra código: 1058043-1237-AG26 dirigida a 3CC SPA
Despachar Bodega Fármacos CRISTINA DIAZ HERRERA
Lunes a jueves: 08:00 A 16:00
Viernes: 08:00 A 15:00
NO SE ACEPTAN VENCIMIENTOS MENORES A 1 AÑO SIN PREVIA
AUTORIZACION VIA CORREO ELECTRONICO
FAVOR ADJUNTAR FECHA DE ENTREGA
KARLA PARGA
[[2-1]]
";AG;;;Si;13;AG;Compra Ágil;6;Aceptada;4;Aceptada;2026-06-23;2026-06-23;2026-06-23;2026-06-23;2026-06-24;;1;0;0;257361,3;CLP;257361,3;41091,3;IVA;0;0;216270;1058043;61.606.402-9;Fármacos;7312;SERVICIO DE SALUD COQUIMBO HOSPITAL LA SERENA;Salud;Servicio Público;La Serena;Región de Coquimbo ;Extranjero;1487802;77.035.623-7;3CC;2067601;3CC SPA;VENTA AL POR MAYOR DE PRODUCTOS FARMACEUTICOS Y MEDICINALES;Renca;Región Metropolitana de Santiago;;;19;Extranjero;7;2;;;149496199;85121900.0;Salud, servicios sanitarios y alimentación / Medicina y servicios de salud / Farmacéuticos;85121902;Farmacias;Salud, servicios sanitarios y alimentación;Medicina y servicios de salud;Farmacéuticos;"[[214-0336]] MELATONINA CM 3 MG
";BES0142 MELATONINA 3 MG X 30 COMP., MELATONINA, F-27110/22, BPH S.A., VCTO 30-09-2028;8010;Unidad;CLP;27;0;0;;216270;30 dias contra la recepcion conforme de la factura
55032736;748201-612-SE26;http://www.mercadopublico.cl/PurchaseOrder/Modules/PO/DetailsPurchaseOrder.aspx?codigoOC=748201-612-SE26;LIC: 748201-12-LP25 BPH S.A. Crlf. Sinfa 13808;"ACEPTAR LA ORDEN DE COMPRA DENTRO DE LAS 24 HORAS SIGUIENTES A SU ENVIO.
SINFA N°13808
RESOLUCION N°404 FECHA 25/02/2026
FACTURAR: CAPREDENA
GIRO: VENTA AL POR MENOR DE PRODUCTOS FARMACÉUTICOS Y MEDICINALES EN COMERCIOS ESPECIALIZADOS.
DIRECCION FACTURA: PASEO BULNES 284 STGO.
DIRECCIÓN DESPACHO: AV. GENERAL ARRIAGADA 450 LA FLORIDA
MENCIONAR Nº OC EN LA FACTURA
NO SE RECEPCIONAN MERC. C/VENC.INF.12MESES
D.T.Q.F: FLORENCIO MEZA, FONO 22 654 1730 GENERAL ARRIAGADA 450 LA FLORIDA.
PARA CONSULTAS TÉCNICAS O DE PRECIO, FAVOR CONTACTARSE AL CORREO MSCHMIDT@CAPREDENA.CL O AL FONO 0228306503
RECORDAR QUE ANTES DE FACTURAR, DEBE ACEPTAR LA O.C. EN EL PORTAL, EVITANDO RECLAMO DEL DTE.
ENVIAR ARCHIVO XML"" DEL DTE A LA CASILLA DE CORREO DE CAPREDENA: dipresrecepción@custodium.com
";SE;Proveniente de licitación pública;No;No;8;SE;Sin emisión automática;6;Aceptada;4;Aceptada;2026-06-23;2026-06-23;2026-06-23;2026-06-23;2026-06-23;;1;4,96;5;208250;CLP;208250;33250;IVA;0;0;175000;748201;61.108.000-k;Unidad de Compras Farmacia;7175;CAJA DE PREVISION DE LA DEFENSA NACIONAL;Gob. Central, Universidades;FARMACIAS INDEPENDIENTES| COMERCIO AL POR MENOR DE;* ;Región Metropolitana de Santiago;CL;44164;96.519.830-k;BPH SPA;43359;BPH S.A;VENTA AL POR MAYOR DE PRODUCTOS QUIMICOS;Quilicura;Región Metropolitana de Santiago;Chile;;19;CL;7;2;748201-12-LP25;;149499954;85121900.0;Salud, servicios sanitarios y alimentación / Medicina y servicios de salud / Farmacéuticos;85121902;Farmacias;Salud, servicios sanitarios y alimentación;Medicina y servicios de salud;Farmacéuticos;MELATONINA 3 MG 30 COMP;MELATONINA 3 MG 30 COMP;250;Caja;CLP;700;0;0;0.0;175000;30 dias contra la recepcion conforme de la factura
55033680;2335-511-SE26;http://www.mercadopublico.cl/PurchaseOrder/Modules/PO/DetailsPurchaseOrder.aspx?codigoOC=2335-511-SE26;MEDICAMENTOS Y PROD. FARMACEUTICOS  OP 341;MEDICAMENTOS Y PROD. FARMACEUTICOS P/FARMACIA COMUNITARIA DEL DEPTO. DE SALUD DE LINARES S/I 341 C. SUMINISTRO D. E. N°2125  (2337-60-LR25) . . . . .(215-22 -04 -004-003) (FARMACIA COMUNITARIA) C/CH 536. .  .(DESPACHAR A BODEGA DE CALLE FREIRE N°495 LINARES). . .OBSERVACION: (FACTURAR AL GIRO COMERCIAL  VENTA AL POR MENOR DE PRODUCTOS FARMACEUTICOS Y MEDICINALES EN COMERCIOS ESPECIALIZADOS);SE;Proveniente de licitación pública;No;No;8;SE;Sin emisión automática;6;Aceptada;4;Aceptada;2026-06-23;2026-06-23;2026-06-23;2026-06-23;2026-06-25;;1;0;0;8446620;CLP;8446620;1348620;IVA;0;0;7098000;3328;69.130.301-2;ADQUISICIONES SALUD;86545;I MUNICIPALIDAD DE LINARES;Municipalidades;;Linares;Región del Maule ;CL;677833;76.070.033-9;ARAMA NATURAL PRODUCTS DISTRIBUIDORA LIMITADA;1279538;ARAMA NATURAL PRODUCTS DISTRIBUIDORA LIMITADA;VENTA AL POR MAYOR DE OTROS PRODUCTOS N.C.P.| SERV;Pudahuel;Región Metropolitana de Santiago;Chile;215-22-04-004-003-000;19;CL;7;2;2337-60-LR25;;149503408;12162200.0;Productos químicos industriales / Aditivos / Anti-oxidantes;12162207;Melatonina;Productos químicos industriales;Aditivos;Anti-oxidantes;Melatonina 3 mg. Caja x 30 cápsulas. Similar a CIRCALIFE;Melatonina 3 mg. Caja x 30 cápsulas. Similar a CIRCALIFE;2100;Caja;CLP;990;0;0;0.0;2079000;30 dias contra la recepcion conforme de la factura
55044382;1058132-1131-SE26;http://www.mercadopublico.cl/PurchaseOrder/Modules/PO/DetailsPurchaseOrder.aspx?codigoOC=1058132-1131-SE26;PAC 2026 - JULIO;"TIPO:NORMAL
Compra por Suministro de Medicamentos Tabla 3 Letra G DESDE 1058132-29-LR25
Programa de compras JULIO  2026 
Despachar mercaderías con vencimientos superiores a 12 meses.
Lugar de Entrega: Bodega de Fármacos, Lunes a Viernes 08:00 - 13:00 Horas
 
IMPORTANTE
Todo ingreso de mercadería al establecimiento deberá realizarse exclusivamente con Guía de Despacho.
La facturación solo podrá efectuarse una vez que la recepción haya sido aprobada y recepcionada conforme en el sistema Mercado Público. Cabe destacar que toda mercadería que se pretenda ingresar acompañada de una factura será rechazada sin excepción.

Hacer referencia a la orden de compra asociada y generada en mercado público, en el campo 801.
El DTE debe ser enviado en un plazo no mayor a 48 horas a la casilla de correo dipresrecepcion@custodium.com, Las facturas deben tener como forma de pago crédito
 
";SE;Proveniente de licitación pública;No;No;8;SE;Sin emisión automática;6;Aceptada;4;Aceptada;2026-06-25;2026-06-30;2026-06-25;2026-06-25;2026-07-02;;1;4,96;5;187210,8;CLP;187210,8;29890,8;IVA;0;0;157320;1058132;61.607.202-1;Fármarcos;7419;SERVICIO DE SALUD DE TALCAHUANO HOSPITAL;Salud;Servicio Público;Talcahuano;Región del Biobío ;CL;44164;96.519.830-k;BPH SPA;43359;BPH S.A;VENTA AL POR MAYOR DE PRODUCTOS QUIMICOS;Quilicura;Región Metropolitana de Santiago;Chile;18184;19;CL;7;2;1058132-29-LR25;;149539740;12162200.0;Productos químicos industriales / Aditivos / Anti-oxidantes;12162207;Melatonina;Productos químicos industriales;Aditivos;Anti-oxidantes;004-0511 MELATONINA 3 MG COMPRIMIDO O CÁPSULA	;MELATONINA COMPRIMIDOS 3 MG, CAJA X 30 CM. PHOENIX BIOLOGICALS PRIVATE LIMITED, PROCEDENCIA INDIA REG ISP F-27110, VENC 31-03-2027;6840;Comprimido;CLP;23;0;0;0.0;157320;30 dias contra la recepcion conforme de la factura
55044495;1058132-1132-SE26;http://www.mercadopublico.cl/PurchaseOrder/Modules/PO/DetailsPurchaseOrder.aspx?codigoOC=1058132-1132-SE26;PAC 2026 - JULIO;"TIPO:NORMAL
Compra por Suministro de Medicamentos Tabla 3 Letra G DESDE 1058132-29-LR25
Programa de Compras - JULIO 2026
DESPACHO DE MERCADERÍAS:
Las mercaderías con vencimientos superiores a 12 meses deben ser entregadas en la Bodega de Fármacos del Hospital Las Higueras de Talcahuano, de lunes a viernes entre 08:00 y 13:00 horas.
La mercadería debe ser despachada con su correspondiente guía de despacho. No se podrá facturar hasta contar con la recepción conforme de Mercado Público.
FACTURACIÓN:
Las facturas deben hacer referencia a la orden de compra asociada en Mercado Público (campo 801).
El DTE debe enviarse a la casilla de correo dipresrecepcion@custodium.com
en un plazo máximo de 48 horas.
LA FORMA DE PAGO EN LA FACTURA DEBE SER ""CRÉDITO"".
CUENTA N° 1";SE;Proveniente de licitación pública;No;No;8;SE;Sin emisión automática;6;Aceptada;4;Aceptada;2026-06-25;2026-06-30;2026-06-25;2026-06-25;2026-07-02;;1;4,96;5;187210,8;CLP;187210,8;29890,8;IVA;0;0;157320;1058132;61.607.202-1;Fármarcos;7419;SERVICIO DE SALUD DE TALCAHUANO HOSPITAL;Salud;Servicio Público;Talcahuano;Región del Biobío ;CL;44164;96.519.830-k;BPH SPA;43359;BPH S.A;VENTA AL POR MAYOR DE PRODUCTOS QUIMICOS;Quilicura;Región Metropolitana de Santiago;Chile;18185;19;CL;7;2;1058132-29-LR25;;149540094;12162200.0;Productos químicos industriales / Aditivos / Anti-oxidantes;12162207;Melatonina;Productos químicos industriales;Aditivos;Anti-oxidantes;004-0511 MELATONINA 3 MG COMPRIMIDO O CÁPSULA	;MELATONINA COMPRIMIDOS 3 MG, CAJA X 30 CM. PHOENIX BIOLOGICALS PRIVATE LIMITED, PROCEDENCIA INDIA REG ISP F-27110, VENC 31-03-2027;6840;Comprimido;CLP;23;0;0;0.0;157320;30 dias contra la recepcion conforme de la factura
55044542;769-439-SE26;http://www.mercadopublico.cl/PurchaseOrder/Modules/PO/DetailsPurchaseOrder.aspx?codigoOC=769-439-SE26;769-78-LR25 MEDICAMENTOS COSAM - SC 389 - 2.4;"CONVENIO DE SUMINISTRO MEDICAMENTOS E INSUMOS PARA CENTROS COMUNITARIOS DE SALUD MENTAL-COSAM, PP 67-25

Despachar a Simón Bolívar 523, Antofagasta; en horario de lunes a viernes de 08:00 a 16:00.

Plazo de Entrega: 10 días hábiles desde 24 horas de enviada la OC.
Despachar con Guías de Despacho.
Serán RECLAMADAS las facturas que acompañen despachos parciales sin Recepción Conforme del área Técnica.

SOL: 389-26
DEPTO. APOYO DIAGNÓSTICO Y TERAPÉUTICO - 2.4
Unidad de Farmacia";SE;Proveniente de licitación pública;No;No;8;SE;Sin emisión automática;12;Recepcion Conforme;7;Recepcion Conforme;2026-06-25;2026-06-25;2026-06-25;2026-06-25;2026-06-25;;1;3,27027027027027;37;1542240;CLP;1542240;246240;IVA;0;0;1296000;1765;61.606.200-k;SERVICIO DE SALUD ANTOFAGASTA DIRECCION;7185;SERVICIO DE SALUD ANTOFAGASTA DIRECCION;Salud;;Antofagasta;Región de Antofagasta ;CL;275627;76.956.140-4;ETHON PHARMACEUTICALS SPA.;269948;ETHON PHARMACEUTICALS  COMERCIALIZADORA  IMP EXP Y DIST SPA;VENTA AL POR MAYOR DE ARTICULOS DE PERFUMERIA, COS;Rancagua;Región del Libertador General Bernardo O´Higgins;Chile;;19;CL;7;2;769-78-LR25;;149540490;12162200.0;Productos químicos industriales / Aditivos / Anti-oxidantes;12162207;Melatonina;Productos químicos industriales;Aditivos;Anti-oxidantes;Melatonina 3 MG CM LP;Melatonina 3 MG CM LP;10000;Unidad no definida;CLP;37,9;0;0;0.0;379000;30 dias contra la recepcion conforme de la factura
55044751;1058045-601-AG26;http://www.mercadopublico.cl/PurchaseOrder/Modules/PO/DetailsPurchaseOrder.aspx?codigoOC=1058045-601-AG26;Orden de Compra generada por invitación a compra ágil: 1058045-393-COT26;"Orden de Compra codigo: 1058045-601-AG26 dirigida a ADN FARMACEUTICA SPA
C.COSTO 580
FORM 127 FARMACIA Y PROTESIS 
OBS: SE SOLICITA UNA VEZ REVISADA LA ORDEN DE COMPRA, DEJAR EN ESTADO ACEPTADA EN PORTAL MERCADO PUBLICO PARA ASÍ TENER UN DEVENGO OPORTUNO DE FACTURAS.
SE INFORMA QUE LA DISPONIBILIDAD PRESUPUESTARIA, ASOCIADA AL FOLIO DE COMPROMISO SIGFE, TIENE VIGENCIA DE 30 DÍAS CORRIDOS, DESDE ENVIADA LA ORDEN DE COMPRA TRANSCURRIDO ESTE PLAZO, SIN DESPACHO DE BIENES Y/O PRESTACIÓN DE SERVICIOS, FORMALIZADOS CON SU RESPECTIVA FACTURA, SE PROCEDERÁ A CANCELAR EN EL SISTEMA DE COMPRAS PÚBLICAS WWW.MERCADOPUBLICO.CL LA ORDEN DE COMPRA Y RECHAZAR TODO DOCUMENTO TRIBUTARIO ASOCIADO A ESTA.

ENTREGA: BODEGA ABASTECIMIENTO DE LUNES A VIERNES DE 08:00-14:00 HRS. INGRESO POR CALLE TALHUEN TUQUI SECTOR DE URGENCIAS. 

FACTURAS ELECTRÓNICAS ENVIAR A CORREO: dipresrecepcion@custodium.com
FONO PAGO PROVEEDORES (53) 2 421 047";AG;;;Si;13;AG;Compra Ágil;6;Aceptada;4;Aceptada;2026-06-25;2026-06-25;2026-06-25;2026-06-25;2026-06-25;;1;0;0;34986;CLP;34986;5586;IVA;0;0;29400;1058045;61.606.404-5;Fármarcos;7417;SERVICIO DE SALUD COQUIMBO HOSPITAL DE O;Salud;Servicio Público;Ovalle;Región de Coquimbo ;Extranjero;989196;76.786.297-0;ADN FARMACÉUTICA;1580697;ADN FARMACEUTICA SPA;DROGUERIA;Pudahuel;Región Metropolitana de Santiago;;;19;Extranjero;7;2;;;149541196;12162200.0;Productos químicos industriales / Aditivos / Anti-oxidantes;12162207;Melatonina;Productos químicos industriales;Aditivos;Anti-oxidantes;13111228000021 MELATONINA 3 MG/ML FCO 30 ML;CIRCALIFE SOL.GTS.3MG/ML.30ML., COSTO FLETE INCLUIDO, DESPACHO DE 24 A 48 HORAS, UNA VEZ ACEPTADA LA ORDEN DE COMPRA, SIN MÍNIMO DE FACTURACIÓN, VENCE SUPERIOR A 12 MESES;6;Frasco;CLP;4900;0;0;;29400;30 dias contra la recepcion conforme de la factura
55045153;2766-395-SE26;http://www.mercadopublico.cl/PurchaseOrder/Modules/PO/DetailsPurchaseOrder.aspx?codigoOC=2766-395-SE26;ORDEN DE COMPRA DESDE 2766-86-L126;"ADQUISICIÓN MEDICAMENTOS PSIQUIÁTRICOS Y METABÓLIC DESDE 2766-86-L126
Disponibilidad pto 5-31 de fecha 03/02/26
CC: 120106 Farmacia Municipal
Item: 2204004002
Contacto: Daphne Cortés
Fono: +56 976642990 
Dcortes.saludcisterna@gmail.com
*Enviar datos de transferencia 

Farmacia Municipal
Avenida Pedro Aguirre Cerda 0161 La Cisterna
Contacto para despacho: Sandra Balmaceda +569 9701 5316
Horario de recepción continuo: LUN  VIE 8:30  13:00 / 15:00  16:00 
";SE;Proveniente de licitación pública;No;No;8;SE;Sin emisión automática;12;Recepcion Conforme;7;Recepcion Conforme;2026-06-25;2026-06-26;2026-06-25;2026-06-25;2026-06-26;;1;0;0;446250;CLP;446250;71250;IVA;0;0;375000;3755;69.072.000-0;SALUD;100488;I MUNICIPALIDAD DE LA CISTERNA;Municipalidades;GOBIERNO CENTRAL Y ADMINISTRACION PUBLICA;La Cisterna;Región Metropolitana de Santiago;CL;1152378;76.986.924-7;MDC HEALTH;1741827;MDC HEALTH SPA;OTRAS ACTIVIDADES DE VENTA AL POR MENOR EN COMERCI;Providencia;Región Metropolitana de Santiago;Chile;5-31;19;CL;7;2;2766-86-L126;;149542536;12162200.0;Productos químicos industriales / Aditivos / Anti-oxidantes;12162207;Melatonina;Productos químicos industriales;Aditivos;Anti-oxidantes;Melatonina 3 mg 30 cápsulas;"MELATONINA 3 MG CAJAS X 30 CAP.; VENCIMIENTO ENERO 2028; REG- ISP  F-2775823; DESPACHO DE 48 HRS. 
";500;Caja;CLP;750;0;0;0.0;375000;30 dias contra la recepcion conforme de la factura
55056941;580075-123-AG26;http://www.mercadopublico.cl/PurchaseOrder/Modules/PO/DetailsPurchaseOrder.aspx?codigoOC=580075-123-AG26;Orden de Compra generada por invitación a compra ágil: 580075-73-COT26;Orden de Compra codigo: 580075-123-AG26 dirigida a COMERCIALIZADORA E-COMCHILE SPA;AG;;;Si;13;AG;Compra Ágil;5;En proceso;2;En proceso;2026-06-26;2026-06-26;2026-06-26;2026-06-26;;;1;0;0;2737476;CLP;2737476;437076;IVA;0;0;2300400;580075;69.091.100-0;DIRECCION DE SALUD MUNICIPAL;7365;I MUNICIPALIDAD DE LITUECHE;Municipalidades;FISCAL;Litueche;Región del Libertador General Bernardo O´Higgins;Extranjero;1083547;77.027.029-4;ECOMCH;1674633;Bastian Ignacio;VENTAS Y SERVICIOS;Quilicura;Región Metropolitana de Santiago;;75;19;Extranjero;7;2;;;149583058;12162200.0;Productos químicos industriales / Aditivos / Anti-oxidantes;12162207;Melatonina;Productos químicos industriales;Aditivos;Anti-oxidantes;MELATONINA 3MG, COMPRIMIDOS;;1000;Comprimido;CLP;33;0;0;;33000;30 dias contra la recepcion conforme de la factura
55064979;4308-84-SE26;http://www.mercadopublico.cl/PurchaseOrder/Modules/PO/DetailsPurchaseOrder.aspx?codigoOC=4308-84-SE26;ORDEN DE COMPRA DESDE 4308-11-L126;ADQ DE MEDICAMENTOS INSUMOS DE CURACION Y OXIGENO DESDE 4308-11-L126;SE;Proveniente de licitación pública;No;No;8;SE;Sin emisión automática;6;Aceptada;4;Aceptada;2026-06-30;2026-06-30;2026-06-30;2026-06-30;2026-07-01;;1;3,27027027027027;37;1990875,95;CLP;1990875,95;317870,95;IVA;0;0;1673005;5226;69.180.600-6;Salud;132741;I MUNICIPALIDAD DE ERCILLA;Municipalidades;GOBIERNO CENTRAL Y ADMINISTRACION PUBLICA;Ercilla;Región de la Araucanía ;CL;275627;76.956.140-4;ETHON PHARMACEUTICALS SPA.;269948;ETHON PHARMACEUTICALS  COMERCIALIZADORA  IMP EXP Y DIST SPA;VENTA AL POR MAYOR DE ARTICULOS DE PERFUMERIA, COS;Rancagua;Región del Libertador General Bernardo O´Higgins;Chile;215.22.04.005;19;CL;7;2;4308-11-L126;;149609464;42171900.0;Equipamiento y suministros médicos / Artículos médicos para urgencias y atención en terreno / Contenedores de almacenaje para servicios médicos de urgencia;42171903;Cajas de medicamentos de servicios médicos de urgencia;Equipamiento y suministros médicos;Artículos médicos para urgencias y atención en terreno;Contenedores de almacenaje para servicios médicos de urgencia;LINEA 1:BUPRENORFINA, CLORPROMAZINA, DEXAMETASONA, KETOLACO, MELATONINA,MIRTAZAPINA, MORFINA, NISTATINA, PICOSULFATO, QUETIAPINA,RISPERIDONA, TRAMADOL/PARACETAMOL,KETOLACO,MORFINA.;"Entrega en 48 horas una vez aceptada la orden de compra. Sin costo por despacho. 
Se adjuntan anexos solicitados. Pedido minimo 50.000 neto. Se adjuntan políticas de canje y devoluciones
Servicio post-Ventas mail servicioalcliente@ethon.cl ";1;Paquete;CLP;1673005;0;0;0.0;1673005;30 dias contra la recepcion conforme de la factura
